[Obs] Selected:    conflict_aware
[Obs] Class:       ConflictAwareObservation
[Obs] Base dim:    39
[Obs] Description: + 5 global + 9 local CBS-style conflict features

============================================================
  Flatland MARL — mode=train
============================================================

======================================================================
MAPPO TRAINING  (300 episodes)
======================================================================
>> Environment:Flatland:RailEnv
[Env] Using 324 cached environments at /home/u216993/workspace/ai4realnet/aiAdrian_flatland/flatland_solver_policy/example/flatland_rail_env/generated_envs/simple_marl
Load environments from disk. #  324  loaded.
>> MAPPOPolicy
>> MAPPOPolicy initialised with BASE_DIM=39
[Train] Resuming from MAPPO checkpoint: /home/u216993/workspace/ai4realnet/aiAdrian_flatland/flatland_solver_policy/example/flatland_rail_env/mappo_checkpoint_conflict_aware.pt
[Load] /home/u216993/workspace/ai4realnet/aiAdrian_flatland/flatland_solver_policy/example/flatland_rail_env/mappo_checkpoint_conflict_aware.pt  (episode_count=220)
[reward] Using OutcomeBasedReward (step=-1, deadlock=-5, done=+50+saved, all_done=+100, fail=-200, scale=0.01)
[TBLogger] Logging to /home/u216993/workspace/ai4realnet/aiAdrian_flatland/flatland_solver_policy/example/flatland_rail_env/runs/20260528_193130_train_mappo_conflict_aware
[Train[MAPPO]] starting (300 iterations)
>> DeadLockAvoidancePolicy
[PPO-DEBUG] N=537  adv=[-5.000,+2.397] std=0.999  ret=[-0.7,+5.0] mean=+1.7  mask_legal_avg=3.11  old_lp=[-3.350±3.537]
[PPO-DEBUG] mb#1 grad_norm=3.16540  loss=+0.3382  p_loss=+0.0307  v_loss=+0.6179  ent=0.0722
[PPO-DEBUG] DONE  n_mb=12  KL=+0.003485  ratio=1.00170  head_max_dparam=0.011751  clip_frac=0.094
[Train[MAPPO]]     1/300 (  0.3%)  agents:[ 5/ 5]  done=100% [#########################]  reward=   +22  eps=  5%  KL=+0.003  H=0.07  acts[N:32% L:2% F:52% R:2% S:13%]  (15s)
[PPO-DEBUG] N=1190  adv=[-5.000,+3.700] std=0.954  ret=[-6.3,+4.8] mean=-2.7  mask_legal_avg=3.01  old_lp=[-4.524±4.736]
[PPO-DEBUG] mb#1 grad_norm=5.27371  loss=+0.2230  p_loss=-0.1241  v_loss=+0.6996  ent=0.1361
[PPO-DEBUG] DONE  n_mb=20  KL=+0.115409  ratio=0.91457  head_max_dparam=0.018002  clip_frac=0.460
[Train[MAPPO]]     2/300 (  0.7%)  agents:[ 3/ 5]  done= 80% [####################_____]  reward=   -13  eps=  5%  KL=+0.115  H=0.13  acts[N:9% L:0% F:51% R:0% S:40%]  (51s)
[PPO-DEBUG] N=451  adv=[-1.948,+3.454] std=1.001  ret=[-0.1,+5.2] mean=+1.7  mask_legal_avg=3.06  old_lp=[-3.426±3.232]
[PPO-DEBUG] mb#1 grad_norm=7.81690  loss=+0.2504  p_loss=+0.0189  v_loss=+0.4659  ent=0.0751
[PPO-DEBUG] DONE  n_mb=8  KL=-0.070396  ratio=1.07933  head_max_dparam=0.006088  clip_frac=0.475
[Train[MAPPO]]     3/300 (  1.0%)  agents:[ 5/ 5]  done= 87% [######################___]  reward=    -1  eps=  5%  KL=-0.070  H=0.08  acts[N:35% L:1% F:60% R:1% S:3%]  (61s)
[PPO-DEBUG] N=548  adv=[-5.000,+2.911] std=0.998  ret=[-0.1,+4.7] mean=+1.7  mask_legal_avg=3.15  old_lp=[-3.336±3.280]
[PPO-DEBUG] mb#1 grad_norm=1.74537  loss=+0.2144  p_loss=-0.0201  v_loss=+0.4721  ent=0.0778
[PPO-DEBUG] DONE  n_mb=12  KL=+0.010315  ratio=0.99210  head_max_dparam=0.006418  clip_frac=0.273
[Train[MAPPO]]     4/300 (  1.3%)  agents:[ 5/ 5]  done= 90% [######################___]  reward=    +5  eps=  5%  KL=+0.010  H=0.07  acts[N:26% L:1% F:59% R:2% S:13%]  (74s)
[PPO-DEBUG] N=1924  adv=[-5.000,+5.000] std=0.979  ret=[-4.6,+4.2] mean=-0.9  mask_legal_avg=3.14  old_lp=[-5.087±4.057]
[PPO-DEBUG] mb#1 grad_norm=10.92243  loss=+0.3492  p_loss=-0.0056  v_loss=+0.7145  ent=0.1186
[PPO-DEBUG] DONE  n_mb=32  KL=+0.106013  ratio=0.94449  head_max_dparam=0.017065  clip_frac=0.565
[Train[MAPPO]]     5/300 (  1.7%)  agents:[ 1/ 5]  done= 76% [###################______]  reward=   -10  eps=  5%  KL=+0.106  H=0.10  acts[N:9% L:11% F:66% R:0% S:15%]  (125s)
[PPO-DEBUG] N=2087  adv=[-5.000,+3.828] std=0.946  ret=[-6.4,+4.4] mean=-3.0  mask_legal_avg=3.01  old_lp=[-5.399±4.246]
[PPO-DEBUG] mb#1 grad_norm=10.57558  loss=+0.3386  p_loss=-0.0347  v_loss=+0.7480  ent=0.0366
[PPO-DEBUG] DONE  n_mb=36  KL=+0.034731  ratio=1.09926  head_max_dparam=0.017263  clip_frac=0.587
[Train[MAPPO]]     6/300 (  2.0%)  agents:[ 1/ 5]  done= 67% [#################________]  reward=   -28  eps=  5%  KL=+0.035  H=0.05  acts[N:7% L:0% F:69% R:0% S:24%]  (176s)
[PPO-DEBUG] N=1548  adv=[-4.720,+5.000] std=1.000  ret=[-6.0,+4.5] mean=-3.0  mask_legal_avg=3.02  old_lp=[-5.654±4.496]
[PPO-DEBUG] mb#1 grad_norm=7.52287  loss=+0.2734  p_loss=+0.0288  v_loss=+0.4899  ent=0.0192
[PPO-DEBUG] DONE  n_mb=28  KL=+0.185982  ratio=0.87618  head_max_dparam=0.013224  clip_frac=0.600
[Train[MAPPO]]     7/300 (  2.3%)  agents:[ 2/ 5]  done= 63% [################_________]  reward=   -34  eps=  5%  KL=+0.186  H=0.03  acts[N:2% L:0% F:65% R:0% S:33%]  (218s)
[PPO-DEBUG] N=418  adv=[-1.991,+3.040] std=1.001  ret=[-0.9,+5.0] mean=+1.2  mask_legal_avg=3.06  old_lp=[-3.875±3.108]
[PPO-DEBUG] mb#1 grad_norm=13.77270  loss=+0.5293  p_loss=+0.0217  v_loss=+1.0178  ent=0.0661
[PPO-DEBUG] DONE  n_mb=8  KL=-0.088671  ratio=1.09942  head_max_dparam=0.003834  clip_frac=0.508
[Train[MAPPO]]     8/300 (  2.7%)  agents:[ 5/ 5]  done= 68% [#################________]  reward=   -27  eps=  5%  KL=-0.089  H=0.07  acts[N:22% L:0% F:68% R:1% S:9%]  (229s)
[PPO-DEBUG] N=350  adv=[-4.120,+4.073] std=1.001  ret=[-0.3,+5.3] mean=+2.2  mask_legal_avg=3.11  old_lp=[-4.782±3.036]
[PPO-DEBUG] mb#1 grad_norm=10.75669  loss=+0.3848  p_loss=-0.0208  v_loss=+0.8144  ent=0.0793
[PPO-DEBUG] DONE  n_mb=8  KL=+0.034276  ratio=0.99115  head_max_dparam=0.004388  clip_frac=0.395
[Train[MAPPO]]     9/300 (  3.0%)  agents:[ 5/ 5]  done= 71% [##################_______]  reward=   -21  eps=  5%  KL=+0.034  H=0.07  acts[N:8% L:1% F:82% R:1% S:8%]  (238s)
[PPO-DEBUG] N=2482  adv=[-5.000,+2.954] std=0.954  ret=[-5.6,+2.3] mean=-2.9  mask_legal_avg=3.01  old_lp=[-6.132±4.772]
[PPO-DEBUG] mb#1 grad_norm=10.30315  loss=+0.5682  p_loss=+0.0394  v_loss=+1.0603  ent=0.0688
[PPO-DEBUG] DONE  n_mb=40  KL=+0.034477  ratio=1.01731  head_max_dparam=0.025128  clip_frac=0.647
[Train[MAPPO]]    10/300 (  3.3%)  agents:[ 0/ 5]  done= 64% [################_________]  reward=   -33  eps=  5%  KL=+0.034  H=0.08  acts[N:8% L:0% F:74% R:0% S:18%]  (302s)
[PPO-DEBUG] N=387  adv=[-1.414,+4.996] std=1.001  ret=[-0.6,+5.2] mean=+1.4  mask_legal_avg=3.13  old_lp=[-4.420±3.125]
[PPO-DEBUG] mb#1 grad_norm=9.78487  loss=+0.5328  p_loss=-0.0517  v_loss=+1.1712  ent=0.0560
[PPO-DEBUG] DONE  n_mb=8  KL=-0.031416  ratio=1.03715  head_max_dparam=0.010119  clip_frac=0.444
[Train[MAPPO]]    11/300 (  3.7%)  agents:[ 5/ 5]  done= 67% [#################________]  reward=   -28  eps=  5%  KL=-0.031  H=0.06  acts[N:19% L:1% F:73% R:2% S:6%]  (313s)
[PPO-DEBUG] N=2078  adv=[-5.000,+5.000] std=0.966  ret=[-6.8,+3.6] mean=-3.9  mask_legal_avg=3.02  old_lp=[-5.956±4.066]
[PPO-DEBUG] mb#1 grad_norm=7.79890  loss=+0.5498  p_loss=+0.0848  v_loss=+0.9381  ent=0.2047
[PPO-DEBUG] DONE  n_mb=36  KL=-0.087704  ratio=1.14896  head_max_dparam=0.017810  clip_frac=0.758
[Train[MAPPO]]    12/300 (  4.0%)  agents:[ 1/ 5]  done= 63% [################_________]  reward=   -35  eps=  5%  KL=-0.088  H=0.22  acts[N:4% L:0% F:84% R:0% S:12%]  (387s)
[PPO-DEBUG] N=1135  adv=[-4.917,+3.591] std=1.000  ret=[-6.9,+4.8] mean=-2.9  mask_legal_avg=3.02  old_lp=[-5.590±3.763]
[PPO-DEBUG] mb#1 grad_norm=5.73172  loss=+0.3099  p_loss=-0.0322  v_loss=+0.6890  ent=0.1184
[PPO-DEBUG] DONE  n_mb=20  KL=+0.145794  ratio=0.94019  head_max_dparam=0.008185  clip_frac=0.717
[Train[MAPPO]]    13/300 (  4.3%)  agents:[ 3/ 5]  done= 63% [################_________]  reward=   -36  eps=  5%  KL=+0.146  H=0.12  acts[N:6% L:0% F:86% R:0% S:8%]  (434s)
[PPO-DEBUG] N=1148  adv=[-5.000,+4.382] std=0.998  ret=[-7.2,+5.1] mean=-3.8  mask_legal_avg=3.03  old_lp=[-4.469±3.867]
[PPO-DEBUG] mb#1 grad_norm=6.67362  loss=+0.2542  p_loss=-0.0290  v_loss=+0.5786  ent=0.3060
[PPO-DEBUG] DONE  n_mb=20  KL=+0.203262  ratio=0.84899  head_max_dparam=0.019982  clip_frac=0.780
[Train[MAPPO]]    14/300 (  4.7%)  agents:[ 3/ 5]  done= 63% [################_________]  reward=   -36  eps=  5%  KL=+0.203  H=0.31  acts[N:6% L:0% F:83% R:1% S:10%]  (473s)
[PPO-DEBUG] N=539  adv=[-2.523,+4.188] std=1.001  ret=[-3.1,+4.7] mean=+0.8  mask_legal_avg=3.05  old_lp=[-3.444±3.981]
[PPO-DEBUG] mb#1 grad_norm=13.44365  loss=+0.4952  p_loss=+0.0054  v_loss=+0.9819  ent=0.0527
[PPO-DEBUG] DONE  n_mb=12  KL=+0.003065  ratio=1.00831  head_max_dparam=0.009880  clip_frac=0.421
[Train[MAPPO]]    15/300 (  5.0%)  agents:[ 5/ 5]  done= 65% [################_________]  reward=   -32  eps=  5%  KL=+0.003  H=0.05  acts[N:31% L:1% F:52% R:1% S:16%]  (490s)
[PPO-DEBUG] N=609  adv=[-3.514,+3.804] std=1.001  ret=[-1.6,+4.6] mean=+0.9  mask_legal_avg=3.04  old_lp=[-3.036±3.425]
[PPO-DEBUG] mb#1 grad_norm=6.28992  loss=+0.2602  p_loss=-0.0326  v_loss=+0.5876  ent=0.0482
[PPO-DEBUG] DONE  n_mb=12  KL=-0.000598  ratio=1.03756  head_max_dparam=0.009606  clip_frac=0.313
[Train[MAPPO]]    16/300 (  5.3%)  agents:[ 5/ 5]  done= 68% [#################________]  reward=   -29  eps=  5%  KL=-0.001  H=0.05  acts[N:40% L:1% F:49% R:0% S:10%]  (503s)
[PPO-DEBUG] N=447  adv=[-2.323,+5.000] std=0.997  ret=[-1.2,+4.9] mean=+1.4  mask_legal_avg=3.06  old_lp=[-3.843±3.835]
[PPO-DEBUG] mb#1 grad_norm=8.32172  loss=+0.4125  p_loss=+0.0034  v_loss=+0.8197  ent=0.0397
[PPO-DEBUG] DONE  n_mb=8  KL=+0.006140  ratio=0.99813  head_max_dparam=0.005306  clip_frac=0.283
[Train[MAPPO]]    17/300 (  5.7%)  agents:[ 5/ 5]  done= 69% [#################________]  reward=   -26  eps=  5%  KL=+0.006  H=0.05  acts[N:14% L:2% F:57% R:0% S:26%]  (514s)
[PPO-DEBUG] N=406  adv=[-1.702,+5.000] std=0.960  ret=[-0.3,+5.2] mean=+2.1  mask_legal_avg=3.07  old_lp=[-3.382±3.576]
[PPO-DEBUG] mb#1 grad_norm=5.48564  loss=+0.3606  p_loss=+0.0182  v_loss=+0.6871  ent=0.0590
[PPO-DEBUG] DONE  n_mb=8  KL=+0.020163  ratio=0.98374  head_max_dparam=0.007400  clip_frac=0.278
[Train[MAPPO]]    18/300 (  6.0%)  agents:[ 5/ 5]  done= 71% [##################_______]  reward=   -23  eps=  5%  KL=+0.020  H=0.06  acts[N:42% L:1% F:51% R:2% S:4%]  (523s)
[PPO-DEBUG] N=1180  adv=[-5.000,+2.937] std=0.904  ret=[-6.7,+4.9] mean=-2.5  mask_legal_avg=3.02  old_lp=[-5.139±4.894]
[PPO-DEBUG] mb#1 grad_norm=5.81058  loss=+0.4146  p_loss=-0.0128  v_loss=+0.8661  ent=0.2820
[PPO-DEBUG] DONE  n_mb=20  KL=+0.047709  ratio=0.97561  head_max_dparam=0.020145  clip_frac=0.533
[Train[MAPPO]]    19/300 (  6.3%)  agents:[ 3/ 5]  done= 71% [##################_______]  reward=   -24  eps=  5%  KL=+0.048  H=0.26  acts[N:11% L:0% F:76% R:0% S:13%]  (553s)
[PPO-DEBUG] N=538  adv=[-1.755,+5.000] std=0.898  ret=[-0.5,+4.8] mean=+1.7  mask_legal_avg=3.05  old_lp=[-3.462±3.751]
[PPO-DEBUG] mb#1 grad_norm=2.82738  loss=+0.1810  p_loss=-0.0168  v_loss=+0.3977  ent=0.0550
[PPO-DEBUG] DONE  n_mb=12  KL=-0.025541  ratio=1.03618  head_max_dparam=0.007272  clip_frac=0.251
[ObsFnPerf] ep=20 interval=20 sample_every=8 get=3.063ms get_many=15.503ms local_search=3.789ms deadlock_profile=0.331ms base_features=0.000ms debug_overlay=0.000ms deadlock_calls_per_local_search=6.98
[ObsFnPerfBase] transitions=0.000ms successors=0.000ms priority=0.000ms flags=0.000ms sp_hint=0.000ms
[ObsFnPerfDetail] get_p50=3.112ms get_p95=7.324ms get_max=10.428ms get_many_p50=15.081ms get_many_p95=27.680ms get_many_max=44.665ms local_search_p50=3.491ms local_search_p95=6.056ms local_search_max=7.902ms
[ObsFnPerfLocalSearch] nodes_mean=6.98 nodes_p95=8.00 edges_mean=6.71 edges_p95=9.75 seen_agents_mean=0.15 ms_per_node=0.5425 handles_per_get_many=5.00
[ObsFnPerfGetMany] total_nodes_mean=19.40 total_nodes_p95=35.50 total_edges_mean=18.68 total_edges_p95=33.00
[Train[MAPPO]]    20/300 (  6.7%)  agents:[ 5/ 5]  done= 72% [##################_______]  reward=   -22  eps=  5%  KL=-0.026  H=0.06  acts[N:28% L:1% F:51% R:1% S:19%]  (566s)
[PPO-DEBUG] N=723  adv=[-2.244,+5.000] std=0.982  ret=[-0.3,+4.6] mean=+1.5  mask_legal_avg=3.07  old_lp=[-2.800±3.850]
[PPO-DEBUG] mb#1 grad_norm=1.92129  loss=+0.1197  p_loss=+0.0028  v_loss=+0.2361  ent=0.0617
[PPO-DEBUG] DONE  n_mb=12  KL=-0.002580  ratio=1.00811  head_max_dparam=0.007363  clip_frac=0.212
[Train[MAPPO]]    21/300 (  7.0%)  agents:[ 5/ 5]  done= 73% [##################_______]  reward=   -20  eps=  5%  KL=-0.003  H=0.07  acts[N:42% L:1% F:39% R:1% S:18%]  (584s)
[PPO-DEBUG] N=2092  adv=[-5.000,+2.437] std=0.923  ret=[-6.7,+4.3] mean=-2.9  mask_legal_avg=3.01  old_lp=[-6.923±4.915]
[PPO-DEBUG] mb#1 grad_norm=14.45694  loss=+0.5464  p_loss=+0.0461  v_loss=+1.0098  ent=0.2288
[PPO-DEBUG] DONE  n_mb=36  KL=-0.020397  ratio=1.05438  head_max_dparam=0.019421  clip_frac=0.632
[Train[MAPPO]]    22/300 (  7.3%)  agents:[ 1/ 5]  done= 71% [##################_______]  reward=   -24  eps=  5%  KL=-0.020  H=0.16  acts[N:9% L:0% F:75% R:0% S:17%]  (636s)
[PPO-DEBUG] N=2041  adv=[-5.000,+4.018] std=0.942  ret=[-6.9,+4.3] mean=-3.4  mask_legal_avg=3.01  old_lp=[-5.850±4.932]
[PPO-DEBUG] mb#1 grad_norm=6.70179  loss=+0.3039  p_loss=-0.0498  v_loss=+0.7116  ent=0.1048
[PPO-DEBUG] DONE  n_mb=32  KL=+0.026192  ratio=0.99617  head_max_dparam=0.024304  clip_frac=0.519
[Train[MAPPO]]    23/300 (  7.7%)  agents:[ 1/ 5]  done= 69% [#################________]  reward=   -28  eps=  5%  KL=+0.026  H=0.14  acts[N:13% L:0% F:75% R:0% S:12%]  (690s)
[PPO-DEBUG] N=1664  adv=[-5.000,+4.737] std=0.988  ret=[-7.0,+4.4] mean=-3.3  mask_legal_avg=3.01  old_lp=[-5.980±5.295]
[PPO-DEBUG] mb#1 grad_norm=4.15448  loss=+0.1885  p_loss=-0.0454  v_loss=+0.4721  ent=0.1105
[PPO-DEBUG] DONE  n_mb=28  KL=+0.131594  ratio=0.90499  head_max_dparam=0.017611  clip_frac=0.475
[Train[MAPPO]]    24/300 (  8.0%)  agents:[ 2/ 5]  done= 68% [#################________]  reward=   -30  eps=  5%  KL=+0.132  H=0.12  acts[N:14% L:0% F:72% R:0% S:14%]  (733s)
[PPO-DEBUG] N=526  adv=[-1.851,+3.992] std=1.001  ret=[-0.9,+5.1] mean=+0.5  mask_legal_avg=3.07  old_lp=[-3.685±3.882]
[PPO-DEBUG] mb#1 grad_norm=9.76701  loss=+0.5600  p_loss=+0.0463  v_loss=+1.0293  ent=0.0472
[PPO-DEBUG] DONE  n_mb=12  KL=-0.081150  ratio=1.09726  head_max_dparam=0.012112  clip_frac=0.488
[Train[MAPPO]]    25/300 (  8.3%)  agents:[ 5/ 5]  done= 69% [#################________]  reward=   -27  eps=  5%  KL=-0.081  H=0.06  acts[N:38% L:1% F:52% R:2% S:7%]  (748s)
[PPO-DEBUG] N=1974  adv=[-5.000,+4.003] std=0.939  ret=[-7.1,+4.8] mean=-3.7  mask_legal_avg=3.01  old_lp=[-5.330±5.412]
[PPO-DEBUG] mb#1 grad_norm=4.24016  loss=+0.2964  p_loss=-0.0245  v_loss=+0.6429  ent=0.0267
[PPO-DEBUG] DONE  n_mb=32  KL=+0.055267  ratio=0.96271  head_max_dparam=0.009648  clip_frac=0.415
[Train[MAPPO]]    26/300 (  8.7%)  agents:[ 1/ 5]  done= 67% [#################________]  reward=   -30  eps=  5%  KL=+0.055  H=0.04  acts[N:14% L:0% F:51% R:0% S:36%]  (807s)
[PPO-DEBUG] N=1234  adv=[-5.000,+5.000] std=0.995  ret=[-6.3,+4.8] mean=-2.9  mask_legal_avg=3.02  old_lp=[-5.453±5.506]
[PPO-DEBUG] mb#1 grad_norm=3.91216  loss=+0.3334  p_loss=+0.0030  v_loss=+0.6710  ent=0.2540
[PPO-DEBUG] DONE  n_mb=20  KL=+0.234714  ratio=0.89607  head_max_dparam=0.007324  clip_frac=0.624
[Train[MAPPO]]    27/300 (  9.0%)  agents:[ 3/ 5]  done= 67% [#################________]  reward=   -31  eps=  5%  KL=+0.235  H=0.25  acts[N:13% L:0% F:73% R:1% S:13%]  (840s)
[PPO-DEBUG] N=2451  adv=[-5.000,+2.853] std=0.859  ret=[-7.5,+0.5] mean=-4.7  mask_legal_avg=3.01  old_lp=[-5.194±5.092]
[PPO-DEBUG] mb#1 grad_norm=9.50600  loss=+0.3923  p_loss=+0.0064  v_loss=+0.7761  ent=0.1058
[PPO-DEBUG] DONE  n_mb=40  KL=-0.084007  ratio=1.19411  head_max_dparam=0.007090  clip_frac=0.543
[Train[MAPPO]]    28/300 (  9.3%)  agents:[ 0/ 5]  done= 64% [################_________]  reward=   -35  eps=  5%  KL=-0.084  H=0.13  acts[N:6% L:0% F:55% R:0% S:39%]  (911s)
[PPO-DEBUG] N=2003  adv=[-5.000,+5.000] std=0.905  ret=[-7.7,+4.6] mean=-5.0  mask_legal_avg=3.01  old_lp=[-8.130±3.540]
[PPO-DEBUG] mb#1 grad_norm=5.81054  loss=+0.2223  p_loss=+0.0115  v_loss=+0.4220  ent=0.0111
[PPO-DEBUG] DONE  n_mb=32  KL=-0.005816  ratio=1.03720  head_max_dparam=0.012654  clip_frac=0.768
[Train[MAPPO]]    29/300 (  9.7%)  agents:[ 1/ 5]  done= 63% [################_________]  reward=   -37  eps=  5%  KL=-0.006  H=0.01  acts[N:4% L:0% F:90% R:0% S:5%]  (969s)
[PPO-DEBUG] N=1274  adv=[-2.972,+5.000] std=0.993  ret=[-7.3,+4.7] mean=-3.4  mask_legal_avg=3.02  old_lp=[-7.130±3.991]
[PPO-DEBUG] mb#1 grad_norm=5.04579  loss=+0.4010  p_loss=+0.0005  v_loss=+0.8015  ent=0.0110
[PPO-DEBUG] DONE  n_mb=20  KL=+0.371597  ratio=0.77090  head_max_dparam=0.007990  clip_frac=0.697
[Train[MAPPO]]    30/300 ( 10.0%)  agents:[ 3/ 5]  done= 63% [################_________]  reward=   -37  eps=  5%  KL=+0.372  H=0.01  acts[N:16% L:0% F:80% R:0% S:3%]  (1001s)
[PPO-DEBUG] N=1403  adv=[-5.000,+5.000] std=0.966  ret=[-7.8,+4.6] mean=-3.7  mask_legal_avg=3.02  old_lp=[-4.999±5.511]
[PPO-DEBUG] mb#1 grad_norm=4.21703  loss=+0.0986  p_loss=-0.0964  v_loss=+0.3973  ent=0.1828
[PPO-DEBUG] DONE  n_mb=24  KL=+0.059173  ratio=0.95406  head_max_dparam=0.006661  clip_frac=0.493
[Train[MAPPO]]    31/300 ( 10.3%)  agents:[ 3/ 5]  done= 63% [################_________]  reward=   -38  eps=  5%  KL=+0.059  H=0.18  acts[N:22% L:0% F:59% R:0% S:18%]  (1036s)
[PPO-DEBUG] N=1659  adv=[-5.000,+4.958] std=0.971  ret=[-8.0,+4.7] mean=-4.8  mask_legal_avg=3.01  old_lp=[-7.320±5.529]
[PPO-DEBUG] mb#1 grad_norm=4.05217  loss=+0.3531  p_loss=+0.0199  v_loss=+0.6729  ent=0.1640
[PPO-DEBUG] DONE  n_mb=28  KL=+0.021981  ratio=0.98421  head_max_dparam=0.004768  clip_frac=0.489
[Train[MAPPO]]    32/300 ( 10.7%)  agents:[ 2/ 5]  done= 62% [###############__________]  reward=   -39  eps=  5%  KL=+0.022  H=0.19  acts[N:11% L:0% F:84% R:0% S:4%]  (1079s)
[PPO-DEBUG] N=583  adv=[-2.395,+3.350] std=1.001  ret=[-2.6,+5.0] mean=+0.1  mask_legal_avg=3.06  old_lp=[-3.615±3.909]
[PPO-DEBUG] mb#1 grad_norm=27.79434  loss=+0.6881  p_loss=-0.0006  v_loss=+1.3787  ent=0.0348
[PPO-DEBUG] DONE  n_mb=12  KL=-0.112893  ratio=1.15763  head_max_dparam=0.008410  clip_frac=0.438
[Train[MAPPO]]    33/300 ( 11.0%)  agents:[ 5/ 5]  done= 63% [################_________]  reward=   -37  eps=  5%  KL=-0.113  H=0.05  acts[N:29% L:0% F:51% R:2% S:17%]  (1091s)
[PPO-DEBUG] N=651  adv=[-2.088,+4.071] std=1.001  ret=[-2.0,+4.4] mean=+0.4  mask_legal_avg=3.04  old_lp=[-4.304±4.336]
[PPO-DEBUG] mb#1 grad_norm=11.32541  loss=+0.2976  p_loss=-0.0441  v_loss=+0.6846  ent=0.0307
[PPO-DEBUG] DONE  n_mb=12  KL=+0.012449  ratio=1.00271  head_max_dparam=0.007663  clip_frac=0.354
[Train[MAPPO]]    34/300 ( 11.3%)  agents:[ 5/ 5]  done= 64% [################_________]  reward=   -36  eps=  5%  KL=+0.012  H=0.03  acts[N:36% L:0% F:58% R:1% S:5%]  (1106s)
[PPO-DEBUG] N=414  adv=[-2.465,+4.373] std=1.001  ret=[-1.5,+4.8] mean=+1.4  mask_legal_avg=3.05  old_lp=[-4.615±3.914]
[PPO-DEBUG] mb#1 grad_norm=9.71439  loss=+0.3756  p_loss=-0.0125  v_loss=+0.7773  ent=0.0284
[PPO-DEBUG] DONE  n_mb=8  KL=-0.013421  ratio=1.01754  head_max_dparam=0.005528  clip_frac=0.291
[Train[MAPPO]]    35/300 ( 11.7%)  agents:[ 5/ 5]  done= 65% [################_________]  reward=   -34  eps=  5%  KL=-0.013  H=0.03  acts[N:22% L:1% F:65% R:0% S:11%]  (1115s)
[PPO-DEBUG] N=674  adv=[-3.959,+5.000] std=0.955  ret=[-0.9,+4.7] mean=+1.6  mask_legal_avg=3.07  old_lp=[-4.308±3.975]
[PPO-DEBUG] mb#1 grad_norm=5.68861  loss=+0.5439  p_loss=-0.0002  v_loss=+1.0900  ent=0.0439
[PPO-DEBUG] DONE  n_mb=12  KL=+0.013632  ratio=1.00238  head_max_dparam=0.014675  clip_frac=0.426
[Train[MAPPO]]    36/300 ( 12.0%)  agents:[ 5/ 5]  done= 66% [#################________]  reward=   -32  eps=  5%  KL=+0.014  H=0.04  acts[N:22% L:0% F:58% R:2% S:18%]  (1132s)
[PPO-DEBUG] N=2023  adv=[-5.000,+2.359] std=0.939  ret=[-7.5,+4.8] mean=-4.7  mask_legal_avg=3.02  old_lp=[-6.709±4.931]
[PPO-DEBUG] mb#1 grad_norm=8.70386  loss=+0.7736  p_loss=+0.0695  v_loss=+1.4130  ent=0.1182
[PPO-DEBUG] DONE  n_mb=32  KL=-0.014913  ratio=1.05476  head_max_dparam=0.016496  clip_frac=0.567
[Train[MAPPO]]    37/300 ( 12.3%)  agents:[ 1/ 5]  done= 65% [################_________]  reward=   -35  eps=  5%  KL=-0.015  H=0.13  acts[N:3% L:0% F:78% R:0% S:19%]  (1183s)
[PPO-DEBUG] N=1679  adv=[-5.000,+3.805] std=0.986  ret=[-6.6,+4.9] mean=-2.9  mask_legal_avg=3.15  old_lp=[-4.659±5.271]
[PPO-DEBUG] mb#1 grad_norm=4.19175  loss=+0.2631  p_loss=-0.0657  v_loss=+0.6611  ent=0.0887
[PPO-DEBUG] DONE  n_mb=28  KL=+0.059744  ratio=0.99450  head_max_dparam=0.019125  clip_frac=0.459
[Train[MAPPO]]    38/300 ( 12.7%)  agents:[ 2/ 5]  done= 64% [################_________]  reward=   -35  eps=  5%  KL=+0.060  H=0.10  acts[N:10% L:1% F:50% R:0% S:38%]  (1228s)
[PPO-DEBUG] N=787  adv=[-4.562,+4.933] std=1.001  ret=[-2.4,+4.8] mean=-0.2  mask_legal_avg=3.05  old_lp=[-4.985±4.473]
[PPO-DEBUG] mb#1 grad_norm=5.33058  loss=+0.4609  p_loss=+0.0482  v_loss=+0.8264  ent=0.0235
[PPO-DEBUG] DONE  n_mb=16  KL=-0.016463  ratio=1.05813  head_max_dparam=0.015564  clip_frac=0.418
[Train[MAPPO]]    39/300 ( 13.0%)  agents:[ 5/ 5]  done= 65% [################_________]  reward=   -34  eps=  5%  KL=-0.016  H=0.03  acts[N:19% L:1% F:61% R:1% S:18%]  (1252s)
[PPO-DEBUG] N=1265  adv=[-5.000,+5.000] std=0.979  ret=[-7.3,+4.8] mean=-2.9  mask_legal_avg=3.10  old_lp=[-2.029±3.441]
[PPO-DEBUG] mb#1 grad_norm=2.21572  loss=+0.3402  p_loss=-0.0321  v_loss=+0.7514  ent=0.1701
[PPO-DEBUG] DONE  n_mb=20  KL=+0.127324  ratio=0.92207  head_max_dparam=0.019199  clip_frac=0.434
[ObsFnPerf] ep=40 interval=20 sample_every=8 get=3.200ms get_many=16.270ms local_search=4.676ms deadlock_profile=0.385ms base_features=0.000ms debug_overlay=0.000ms deadlock_calls_per_local_search=7.22
[ObsFnPerfBase] transitions=0.000ms successors=0.000ms priority=0.000ms flags=0.000ms sp_hint=0.000ms
[ObsFnPerfDetail] get_p50=2.120ms get_p95=8.181ms get_max=17.635ms get_many_p50=13.419ms get_many_p95=31.226ms get_many_max=140.179ms local_search_p50=4.466ms local_search_p95=6.894ms local_search_max=15.235ms
[ObsFnPerfLocalSearch] nodes_mean=7.22 nodes_p95=8.00 edges_mean=7.10 edges_p95=9.00 seen_agents_mean=0.67 ms_per_node=0.6479 handles_per_get_many=5.00
[ObsFnPerfGetMany] total_nodes_mean=18.09 total_nodes_p95=36.00 total_edges_mean=17.79 total_edges_p95=34.00
[Train[MAPPO]]    40/300 ( 13.3%)  agents:[ 3/ 5]  done= 65% [################_________]  reward=   -34  eps=  5%  KL=+0.127  H=0.30  acts[N:7% L:0% F:29% R:0% S:63%]  (1285s)
[PPO-DEBUG] N=1089  adv=[-3.277,+3.950] std=1.000  ret=[-1.3,+4.3] mean=-0.1  mask_legal_avg=3.12  old_lp=[-3.280±4.509]
[PPO-DEBUG] mb#1 grad_norm=7.27880  loss=+0.1855  p_loss=+0.0937  v_loss=+0.1848  ent=0.0320
[PPO-DEBUG] DONE  n_mb=20  KL=-0.051539  ratio=1.07227  head_max_dparam=0.010905  clip_frac=0.325
[Train[MAPPO]]    41/300 ( 13.7%)  agents:[ 5/ 5]  done= 66% [################_________]  reward=   -33  eps=  5%  KL=-0.052  H=0.03  acts[N:20% L:1% F:38% R:1% S:41%]  (1317s)
[PPO-DEBUG] N=1475  adv=[-5.000,+5.000] std=0.969  ret=[-7.4,+4.6] mean=-3.1  mask_legal_avg=3.03  old_lp=[-5.224±5.731]
[PPO-DEBUG] mb#1 grad_norm=2.79831  loss=+0.4033  p_loss=+0.0777  v_loss=+0.6528  ent=0.0399
[PPO-DEBUG] DONE  n_mb=24  KL=+0.038309  ratio=0.98385  head_max_dparam=0.016855  clip_frac=0.344
[Train[MAPPO]]    42/300 ( 14.0%)  agents:[ 3/ 5]  done= 66% [################_________]  reward=   -33  eps=  5%  KL=+0.038  H=0.05  acts[N:13% L:1% F:49% R:0% S:37%]  (1357s)
[PPO-DEBUG] N=421  adv=[-2.356,+5.000] std=0.989  ret=[-1.1,+4.8] mean=+0.8  mask_legal_avg=3.05  old_lp=[-4.436±4.068]
[PPO-DEBUG] mb#1 grad_norm=10.47239  loss=+0.5647  p_loss=-0.0322  v_loss=+1.1952  ent=0.0392
[PPO-DEBUG] DONE  n_mb=8  KL=-0.028772  ratio=1.03220  head_max_dparam=0.009690  clip_frac=0.297
[Train[MAPPO]]    43/300 ( 14.3%)  agents:[ 5/ 5]  done= 67% [#################________]  reward=   -32  eps=  5%  KL=-0.029  H=0.03  acts[N:36% L:1% F:59% R:1% S:2%]  (1366s)
[PPO-DEBUG] N=2068  adv=[-5.000,+2.292] std=0.948  ret=[-8.0,+4.4] mean=-3.9  mask_legal_avg=3.01  old_lp=[-5.187±5.576]
[PPO-DEBUG] mb#1 grad_norm=5.87858  loss=+0.3384  p_loss=-0.0115  v_loss=+0.7047  ent=0.1224
[PPO-DEBUG] DONE  n_mb=36  KL=+0.013434  ratio=1.02444  head_max_dparam=0.038866  clip_frac=0.517
[Train[MAPPO]]    44/300 ( 14.7%)  agents:[ 1/ 5]  done= 65% [################_________]  reward=   -34  eps=  5%  KL=+0.013  H=0.13  acts[N:12% L:0% F:51% R:0% S:37%]  (1420s)
[PPO-DEBUG] N=411  adv=[-1.705,+4.495] std=1.001  ret=[-0.8,+5.2] mean=+1.1  mask_legal_avg=3.06  old_lp=[-4.830±4.347]
[PPO-DEBUG] mb#1 grad_norm=11.89203  loss=+0.6808  p_loss=-0.0301  v_loss=+1.4228  ent=0.0195
[PPO-DEBUG] DONE  n_mb=8  KL=-0.067538  ratio=1.08140  head_max_dparam=0.012000  clip_frac=0.477
[Train[MAPPO]]    45/300 ( 15.0%)  agents:[ 5/ 5]  done= 66% [#################________]  reward=   -32  eps=  5%  KL=-0.068  H=0.02  acts[N:36% L:1% F:60% R:1% S:2%]  (1429s)
[PPO-DEBUG] N=599  adv=[-4.486,+4.780] std=1.001  ret=[-0.1,+4.8] mean=+1.6  mask_legal_avg=3.08  old_lp=[-4.143±4.239]
[PPO-DEBUG] mb#1 grad_norm=4.44285  loss=+0.2489  p_loss=-0.0420  v_loss=+0.5829  ent=0.0275
[PPO-DEBUG] DONE  n_mb=12  KL=-0.012152  ratio=1.01771  head_max_dparam=0.016196  clip_frac=0.236
[Train[MAPPO]]    46/300 ( 15.3%)  agents:[ 5/ 5]  done= 67% [#################________]  reward=   -31  eps=  5%  KL=-0.012  H=0.03  acts[N:40% L:1% F:51% R:1% S:7%]  (1444s)
[PPO-DEBUG] N=1115  adv=[-5.000,+4.527] std=0.999  ret=[-6.0,+4.9] mean=-2.0  mask_legal_avg=3.01  old_lp=[-5.509±5.437]
[PPO-DEBUG] mb#1 grad_norm=30.70084  loss=+0.4461  p_loss=+0.0707  v_loss=+0.7540  ent=0.0811
[PPO-DEBUG] DONE  n_mb=20  KL=+0.218450  ratio=0.85311  head_max_dparam=0.015637  clip_frac=0.484
[Train[MAPPO]]    47/300 ( 15.7%)  agents:[ 3/ 5]  done= 67% [#################________]  reward=   -31  eps=  5%  KL=+0.218  H=0.08  acts[N:7% L:0% F:54% R:0% S:39%]  (1472s)
[PPO-DEBUG] N=2055  adv=[-5.000,+4.410] std=0.949  ret=[-7.9,+3.7] mean=-3.4  mask_legal_avg=3.02  old_lp=[-5.000±5.771]
[PPO-DEBUG] mb#1 grad_norm=6.09002  loss=+0.2540  p_loss=-0.0624  v_loss=+0.6394  ent=0.1625
[PPO-DEBUG] DONE  n_mb=32  KL=+0.024553  ratio=0.98523  head_max_dparam=0.023439  clip_frac=0.482
[Train[MAPPO]]    48/300 ( 16.0%)  agents:[ 1/ 5]  done= 66% [################_________]  reward=   -33  eps=  5%  KL=+0.025  H=0.15  acts[N:15% L:0% F:55% R:0% S:29%]  (1530s)
[PPO-DEBUG] N=2072  adv=[-5.000,+5.000] std=0.920  ret=[-7.7,+4.5] mean=-4.1  mask_legal_avg=3.01  old_lp=[-4.632±5.339]
[PPO-DEBUG] mb#1 grad_norm=9.04782  loss=+0.4470  p_loss=+0.0578  v_loss=+0.7864  ent=0.1950
[PPO-DEBUG] DONE  n_mb=36  KL=+0.027354  ratio=1.08556  head_max_dparam=0.015084  clip_frac=0.529
[Train[MAPPO]]    49/300 ( 16.3%)  agents:[ 1/ 5]  done= 65% [################_________]  reward=   -34  eps=  5%  KL=+0.027  H=0.19  acts[N:16% L:0% F:48% R:0% S:36%]  (1588s)
[PPO-DEBUG] N=688  adv=[-2.107,+5.000] std=0.990  ret=[-1.0,+4.5] mean=+0.1  mask_legal_avg=3.05  old_lp=[-3.581±4.365]
[PPO-DEBUG] mb#1 grad_norm=8.45687  loss=+0.4621  p_loss=+0.0727  v_loss=+0.7802  ent=0.0322
[PPO-DEBUG] DONE  n_mb=12  KL=-0.055168  ratio=1.06694  head_max_dparam=0.017878  clip_frac=0.338
[Train[MAPPO]]    50/300 ( 16.7%)  agents:[ 5/ 5]  done= 66% [################_________]  reward=   -33  eps=  5%  KL=-0.055  H=0.03  acts[N:47% L:1% F:43% R:1% S:8%]  (1606s)
[PPO-DEBUG] N=2000  adv=[-5.000,+2.744] std=0.997  ret=[-8.1,+4.7] mean=-4.5  mask_legal_avg=3.01  old_lp=[-3.719±4.706]
[PPO-DEBUG] mb#1 grad_norm=6.25932  loss=+0.3454  p_loss=+0.0794  v_loss=+0.5364  ent=0.1088
[PPO-DEBUG] DONE  n_mb=32  KL=-0.036759  ratio=1.09104  head_max_dparam=0.023333  clip_frac=0.408

========================================================================
  [DecisionPointObs] BASE FEATURE REPORT  (n=100 episodes, ep=50)
========================================================================
   #  Feature                   min    max    mean    std          trend  note
  --------------------------------------------------------------------
   0  path_left               0.000  0.000  0.0000 0.0000   ↔ flat/noisy  
   1  path_forward            1.000  1.000  1.0000 0.0000   ↔ flat/noisy  
   2  path_right              0.000  0.000  0.0000 0.0000   ↔ flat/noisy  
   3  delta_left             -1.000 -1.000 -1.0000 0.0000   ↔ flat/noisy  
   4  delta_forward           0.000  0.000  0.0000 0.0000   ↔ flat/noisy  
   5  delta_right            -1.000 -1.000 -1.0000 0.0000   ↔ flat/noisy  
   6  st_3                    0.000  0.000  0.0000 0.0000   ↔ flat/noisy  🟡 ready_to_depart 0% of steps
   7  priority_rank           0.084  0.762  0.4089 0.2421   ↔ flat/noisy  🟡 no clear progress trend
   8  is_pre_merge            1.000  1.000  1.0000 0.0000   ↔ flat/noisy  pre-merge 100% of steps
   9  is_switch               0.000  0.000  0.0000 0.0000   ↔ flat/noisy  at switch 0% of steps
  10  sp_left                 0.000  0.000  0.0000 0.0000   ↔ flat/noisy  used 0% of steps
  11  sp_forward              1.000  1.000  1.0000 0.0000   ↔ flat/noisy  used 100% of steps
  12  sp_right                0.000  0.000  0.0000 0.0000   ↔ flat/noisy  used 0% of steps
  13  deadlock_risk           0.284  0.322  0.3050 0.0149   ↔ flat/noisy  mean risk=0.305
  14  deadlock_distance_norm  0.000  0.929  0.7143 0.3586   ↔ flat/noisy  near-deadlock 80% of steps
  15  steps_to_next_switch_norm  0.000  0.500  0.1000 0.2000   ↔ flat/noisy  mean prox=0.100
  16  sp_improves_norm        0.000  0.000  0.0000 0.0000   ↔ flat/noisy  mean gain=0.000
  17  last_action_left        0.000  0.000  0.0000 0.0000   ↔ flat/noisy  left 0% of steps
  18  last_action_forward     0.000  0.000  0.0000 0.0000   ↔ flat/noisy  forward 0% of steps
  19  last_action_right       0.000  0.000  0.0000 0.0000   ↔ flat/noisy  right 0% of steps
  20  last_action_stop        0.000  1.000  0.8000 0.4000   ↔ flat/noisy  stop 80% of steps
  21  action_matches_sp       0.500  0.500  0.5000 0.0000   ↔ flat/noisy  follow 0% / yield 100% / off 0%
  22  spawn_active_density    0.800  0.800  0.8000 0.0000   ↔ flat/noisy  
  23  spawn_pending_density   0.000  0.000  0.0000 0.0000   ↔ flat/noisy  
  24  spawn_is_ready          0.000  0.000  0.0000 0.0000   ↔ flat/noisy  
  25  global_conflict_pressure  0.100  0.100  0.1000 0.0000   ↔ flat/noisy  
  26  my_priority_global      0.000  1.000  0.4000 0.3887   ↔ flat/noisy  
  27  my_sp_blocked_score     0.000  0.200  0.1600 0.0800   ↔ flat/noisy  
  28  sp_alternatives_avg_score  0.000  0.000  0.0000 0.0000   ↔ flat/noisy  
  29  expected_yield_count    0.000  1.000  0.4000 0.3887   ↔ flat/noisy  
  30  vertex_conflict_left    0.000  0.000  0.0000 0.0000   ↔ flat/noisy  
  31  edge_conflict_left      0.000  0.000  0.0000 0.0000   ↔ flat/noisy  
  32  lane_density_left       0.000  0.000  0.0000 0.0000   ↔ flat/noisy  
  33  vertex_conflict_forward  0.000  1.000  0.8000 0.4000   ↔ flat/noisy  
  34  edge_conflict_forward   0.000  1.000  0.4000 0.4899   ↔ flat/noisy  
  35  lane_density_forward    0.000  1.000  0.6667 0.3651   ↔ flat/noisy  
  36  vertex_conflict_right   0.000  0.000  0.0000 0.0000   ↔ flat/noisy  
  37  edge_conflict_right     0.000  0.000  0.0000 0.0000   ↔ flat/noisy  
  38  lane_density_right      0.000  0.000  0.0000 0.0000   ↔ flat/noisy  

  priority_rank half-half: first=0.4089 → second=0.4089  Δ=+0.0000 ↔

  Tree: nodes=6.4±3.2 [0,8]   edges=6.0±3.0 [0,8]
========================================================================
[Train[MAPPO]]    51/300 ( 17.0%)  agents:[ 1/ 5]  done= 64% [################_________]  reward=   -35  eps=  5%  KL=-0.037  H=0.12  acts[N:16% L:0% F:50% R:0% S:33%]  (1657s)
[PPO-DEBUG] N=460  adv=[-1.876,+5.000] std=0.969  ret=[-0.9,+4.9] mean=+0.9  mask_legal_avg=3.13  old_lp=[-4.978±4.046]
[PPO-DEBUG] mb#1 grad_norm=12.81520  loss=+0.9555  p_loss=+0.0006  v_loss=+1.9108  ent=0.0227
[PPO-DEBUG] DONE  n_mb=8  KL=-0.044681  ratio=1.05481  head_max_dparam=0.010063  clip_frac=0.356
[Train[MAPPO]]    52/300 ( 17.3%)  agents:[ 5/ 5]  done= 65% [################_________]  reward=   -34  eps=  5%  KL=-0.045  H=0.03  acts[N:25% L:2% F:64% R:1% S:9%]  (1668s)
[PPO-DEBUG] N=575  adv=[-1.664,+3.703] std=1.001  ret=[-0.9,+4.7] mean=+1.1  mask_legal_avg=3.08  old_lp=[-3.840±3.918]
[PPO-DEBUG] mb#1 grad_norm=4.67651  loss=+0.3826  p_loss=+0.0751  v_loss=+0.6163  ent=0.0345
[PPO-DEBUG] DONE  n_mb=12  KL=-0.020471  ratio=1.02843  head_max_dparam=0.020981  clip_frac=0.315
[Train[MAPPO]]    53/300 ( 17.7%)  agents:[ 5/ 5]  done= 65% [################_________]  reward=   -34  eps=  5%  KL=-0.020  H=0.03  acts[N:38% L:1% F:51% R:1% S:10%]  (1681s)
[PPO-DEBUG] N=2361  adv=[-5.000,+1.781] std=0.925  ret=[-7.4,+1.8] mean=-3.8  mask_legal_avg=3.00  old_lp=[-2.088±4.493]
[PPO-DEBUG] mb#1 grad_norm=15.33851  loss=+0.4864  p_loss=+0.0432  v_loss=+0.8867  ent=0.0085
[PPO-DEBUG] DONE  n_mb=40  KL=+0.048991  ratio=0.96050  head_max_dparam=0.030084  clip_frac=0.176
[Train[MAPPO]]    54/300 ( 18.0%)  agents:[ 0/ 5]  done= 63% [################_________]  reward=   -37  eps=  5%  KL=+0.049  H=0.01  acts[N:6% L:0% F:19% R:0% S:75%]  (1746s)
[PPO-DEBUG] N=625  adv=[-1.182,+3.106] std=1.001  ret=[-0.8,+4.7] mean=+0.5  mask_legal_avg=3.08  old_lp=[-4.079±4.316]
[PPO-DEBUG] mb#1 grad_norm=5.37941  loss=+0.3164  p_loss=+0.0061  v_loss=+0.6217  ent=0.0241
[PPO-DEBUG] DONE  n_mb=12  KL=-0.031719  ratio=1.03805  head_max_dparam=0.011498  clip_frac=0.330
[Train[MAPPO]]    55/300 ( 18.3%)  agents:[ 5/ 5]  done= 64% [################_________]  reward=   -35  eps=  5%  KL=-0.032  H=0.02  acts[N:43% L:1% F:51% R:1% S:5%]  (1762s)
[PPO-DEBUG] N=2014  adv=[-5.000,+4.545] std=0.998  ret=[-7.8,+4.6] mean=-3.2  mask_legal_avg=3.01  old_lp=[-4.944±4.871]
[PPO-DEBUG] mb#1 grad_norm=25.68522  loss=+0.6341  p_loss=+0.1025  v_loss=+1.0662  ent=0.0739
[PPO-DEBUG] DONE  n_mb=32  KL=-0.018313  ratio=1.11102  head_max_dparam=0.020329  clip_frac=0.603
[Train[MAPPO]]    56/300 ( 18.7%)  agents:[ 1/ 5]  done= 64% [################_________]  reward=   -35  eps=  5%  KL=-0.018  H=0.10  acts[N:4% L:0% F:69% R:0% S:27%]  (1821s)
[PPO-DEBUG] N=2065  adv=[-5.000,+2.819] std=0.909  ret=[-7.7,+4.4] mean=-3.5  mask_legal_avg=3.01  old_lp=[-3.986±4.247]
[PPO-DEBUG] mb#1 grad_norm=19.88925  loss=+0.4170  p_loss=+0.0165  v_loss=+0.8055  ent=0.1114
[PPO-DEBUG] DONE  n_mb=36  KL=+0.250515  ratio=2.24384  head_max_dparam=0.015633  clip_frac=0.593
[Train[MAPPO]]    57/300 ( 19.0%)  agents:[ 1/ 5]  done= 64% [################_________]  reward=   -36  eps=  5%  KL=+0.251  H=0.16  acts[N:2% L:0% F:54% R:0% S:44%]  (1882s)
[PPO-DEBUG] N=646  adv=[-1.559,+4.672] std=1.001  ret=[-1.0,+4.7] mean=+0.2  mask_legal_avg=3.04  old_lp=[-3.275±4.295]
[PPO-DEBUG] mb#1 grad_norm=7.78928  loss=+0.4241  p_loss=-0.0276  v_loss=+0.9043  ent=0.0211
[PPO-DEBUG] DONE  n_mb=12  KL=-0.044067  ratio=1.04762  head_max_dparam=0.011628  clip_frac=0.352
[Train[MAPPO]]    58/300 ( 19.3%)  agents:[ 5/ 5]  done= 64% [################_________]  reward=   -36  eps=  5%  KL=-0.044  H=0.02  acts[N:57% L:1% F:40% R:1% S:1%]  (1897s)
[PPO-DEBUG] N=815  adv=[-5.000,+3.304] std=0.982  ret=[-0.8,+4.7] mean=+0.6  mask_legal_avg=3.05  old_lp=[-3.190±4.157]
[PPO-DEBUG] mb#1 grad_norm=2.56327  loss=+0.2253  p_loss=+0.0078  v_loss=+0.4366  ent=0.0371
[PPO-DEBUG] DONE  n_mb=16  KL=-0.017353  ratio=1.02045  head_max_dparam=0.014743  clip_frac=0.237
[Train[MAPPO]]    59/300 ( 19.7%)  agents:[ 5/ 5]  done= 64% [################_________]  reward=   -36  eps=  5%  KL=-0.017  H=0.04  acts[N:54% L:1% F:40% R:0% S:4%]  (1917s)
[PPO-DEBUG] N=691  adv=[-1.566,+3.959] std=1.001  ret=[-0.6,+4.8] mean=+0.7  mask_legal_avg=3.04  old_lp=[-2.618±4.563]
[PPO-DEBUG] mb#1 grad_norm=2.57899  loss=+0.1705  p_loss=-0.0368  v_loss=+0.4158  ent=0.0280
[PPO-DEBUG] DONE  n_mb=12  KL=-0.008583  ratio=1.00927  head_max_dparam=0.011235  clip_frac=0.096
[ObsFnPerf] ep=60 interval=20 sample_every=8 get=2.957ms get_many=14.895ms local_search=3.408ms deadlock_profile=0.360ms base_features=0.000ms debug_overlay=0.000ms deadlock_calls_per_local_search=5.73
[ObsFnPerfBase] transitions=0.000ms successors=0.000ms priority=0.000ms flags=0.000ms sp_hint=0.000ms
[ObsFnPerfDetail] get_p50=2.801ms get_p95=7.018ms get_max=13.193ms get_many_p50=14.156ms get_many_p95=24.271ms get_many_max=30.681ms local_search_p50=2.870ms local_search_p95=5.910ms local_search_max=9.128ms
[ObsFnPerfLocalSearch] nodes_mean=5.73 nodes_p95=8.00 edges_mean=4.86 edges_p95=8.00 seen_agents_mean=0.01 ms_per_node=0.5945 handles_per_get_many=5.00
[ObsFnPerfGetMany] total_nodes_mean=12.11 total_nodes_p95=23.00 total_edges_mean=10.28 total_edges_p95=20.00
[Train[MAPPO]]    60/300 ( 20.0%)  agents:[ 5/ 5]  done= 66% [################_________]  reward=   -33  eps=  5%  KL=-0.009  H=0.03  acts[N:68% L:2% F:28% R:0% S:3%]  (1932s)
[PPO-DEBUG] N=1625  adv=[-5.000,+3.722] std=1.000  ret=[-6.3,+5.1] mean=-1.7  mask_legal_avg=3.01  old_lp=[-7.765±3.843]
[PPO-DEBUG] mb#1 grad_norm=16.45769  loss=+0.2591  p_loss=-0.1579  v_loss=+0.8348  ent=0.0199
[PPO-DEBUG] DONE  n_mb=28  KL=+0.043954  ratio=1.00312  head_max_dparam=0.033072  clip_frac=0.660
[Train[MAPPO]]    61/300 ( 20.3%)  agents:[ 2/ 5]  done= 65% [################_________]  reward=   -35  eps=  5%  KL=+0.044  H=0.01  acts[N:9% L:0% F:83% R:0% S:8%]  (1973s)
[PPO-DEBUG] N=1538  adv=[-5.000,+4.553] std=0.934  ret=[-7.8,+4.7] mean=-4.5  mask_legal_avg=3.01  old_lp=[-3.570±4.684]
[PPO-DEBUG] mb#1 grad_norm=2.72840  loss=+0.2193  p_loss=-0.0021  v_loss=+0.4500  ent=0.1808
[PPO-DEBUG] DONE  n_mb=24  KL=-0.009547  ratio=1.02173  head_max_dparam=0.030237  clip_frac=0.404
[Train[MAPPO]]    62/300 ( 20.7%)  agents:[ 2/ 5]  done= 65% [################_________]  reward=   -34  eps=  5%  KL=-0.010  H=0.18  acts[N:12% L:0% F:57% R:0% S:30%]  (2018s)
[PPO-DEBUG] N=1096  adv=[-5.000,+4.360] std=0.985  ret=[-1.6,+4.4] mean=-0.0  mask_legal_avg=3.04  old_lp=[-3.891±4.366]
[PPO-DEBUG] mb#1 grad_norm=3.36252  loss=+0.3564  p_loss=+0.0582  v_loss=+0.5974  ent=0.0241
[PPO-DEBUG] DONE  n_mb=20  KL=-0.010145  ratio=1.01467  head_max_dparam=0.021055  clip_frac=0.338
[Train[MAPPO]]    63/300 ( 21.0%)  agents:[ 5/ 5]  done= 66% [#################________]  reward=   -33  eps=  5%  KL=-0.010  H=0.03  acts[N:33% L:0% F:50% R:1% S:16%]  (2074s)
[PPO-DEBUG] N=904  adv=[-5.000,+4.398] std=0.970  ret=[-0.9,+4.8] mean=+0.5  mask_legal_avg=3.05  old_lp=[-3.898±4.194]
[PPO-DEBUG] mb#1 grad_norm=2.88379  loss=+0.1441  p_loss=-0.0168  v_loss=+0.3224  ent=0.0178
[PPO-DEBUG] DONE  n_mb=16  KL=-0.032041  ratio=1.03484  head_max_dparam=0.013348  clip_frac=0.379
[Train[MAPPO]]    64/300 ( 21.3%)  agents:[ 5/ 5]  done= 67% [#################________]  reward=   -32  eps=  4%  KL=-0.032  H=0.02  acts[N:43% L:0% F:51% R:1% S:5%]  (2100s)
[PPO-DEBUG] N=621  adv=[-1.964,+5.000] std=0.959  ret=[-0.8,+4.4] mean=+0.8  mask_legal_avg=3.06  old_lp=[-3.947±4.138]
[PPO-DEBUG] mb#1 grad_norm=4.01230  loss=+0.2340  p_loss=+0.0804  v_loss=+0.3083  ent=0.0236
[PPO-DEBUG] DONE  n_mb=12  KL=-0.040308  ratio=1.04795  head_max_dparam=0.011530  clip_frac=0.380
[Train[MAPPO]]    65/300 ( 21.7%)  agents:[ 5/ 5]  done= 67% [#################________]  reward=   -32  eps=  4%  KL=-0.040  H=0.02  acts[N:45% L:1% F:52% R:2% S:1%]  (2116s)
[PPO-DEBUG] N=814  adv=[-2.863,+4.778] std=1.001  ret=[-0.6,+4.4] mean=+0.8  mask_legal_avg=3.05  old_lp=[-3.806±4.639]
[PPO-DEBUG] mb#1 grad_norm=1.69890  loss=+0.1086  p_loss=-0.0044  v_loss=+0.2271  ent=0.0257
[PPO-DEBUG] DONE  n_mb=16  KL=-0.004215  ratio=1.00598  head_max_dparam=0.007694  clip_frac=0.129
[Train[MAPPO]]    66/300 ( 22.0%)  agents:[ 5/ 5]  done= 67% [#################________]  reward=   -32  eps=  4%  KL=-0.004  H=0.03  acts[N:46% L:0% F:46% R:1% S:6%]  (2141s)
[PPO-DEBUG] N=1729  adv=[-4.191,+3.666] std=1.000  ret=[-5.2,+4.9] mean=-0.7  mask_legal_avg=3.02  old_lp=[-8.079±4.166]
[PPO-DEBUG] mb#1 grad_norm=20.31767  loss=+0.7093  p_loss=+0.0540  v_loss=+1.3112  ent=0.0133
[PPO-DEBUG] DONE  n_mb=28  KL=+0.187310  ratio=0.87833  head_max_dparam=0.012108  clip_frac=0.747
[Train[MAPPO]]    67/300 ( 22.3%)  agents:[ 2/ 5]  done= 66% [################_________]  reward=   -34  eps=  4%  KL=+0.187  H=0.01  acts[N:10% L:0% F:84% R:0% S:6%]  (2191s)
[PPO-DEBUG] N=405  adv=[-1.532,+5.000] std=0.954  ret=[-0.2,+5.0] mean=+1.6  mask_legal_avg=3.06  old_lp=[-4.381±4.268]
[PPO-DEBUG] mb#1 grad_norm=5.68802  loss=+0.3476  p_loss=+0.0121  v_loss=+0.6723  ent=0.0314
[PPO-DEBUG] DONE  n_mb=8  KL=-0.011954  ratio=1.01967  head_max_dparam=0.005629  clip_frac=0.161
[Train[MAPPO]]    68/300 ( 22.7%)  agents:[ 5/ 5]  done= 66% [################_________]  reward=   -35  eps=  4%  KL=-0.012  H=0.04  acts[N:33% L:1% F:58% R:1% S:7%]  (2203s)
[PPO-DEBUG] N=2300  adv=[-5.000,+1.551] std=0.906  ret=[-6.9,+1.4] mean=-3.1  mask_legal_avg=3.05  old_lp=[-2.820±5.003]
[PPO-DEBUG] mb#1 grad_norm=10.00987  loss=+0.7622  p_loss=+0.0481  v_loss=+1.4286  ent=0.0072
[PPO-DEBUG] DONE  n_mb=36  KL=+0.045844  ratio=1.04180  head_max_dparam=0.017826  clip_frac=0.227
[Train[MAPPO]]    69/300 ( 23.0%)  agents:[ 0/ 5]  done= 64% [################_________]  reward=   -36  eps=  4%  KL=+0.046  H=0.01  acts[N:8% L:0% F:26% R:0% S:67%]  (2261s)
[PPO-DEBUG] N=1973  adv=[-5.000,+5.000] std=0.968  ret=[-6.7,+4.8] mean=-2.9  mask_legal_avg=3.01  old_lp=[-5.694±5.546]
[PPO-DEBUG] mb#1 grad_norm=8.28620  loss=+0.3926  p_loss=+0.0201  v_loss=+0.7466  ent=0.0371
[PPO-DEBUG] DONE  n_mb=32  KL=+0.012803  ratio=0.99462  head_max_dparam=0.014159  clip_frac=0.401
[Train[MAPPO]]    70/300 ( 23.3%)  agents:[ 1/ 5]  done= 63% [################_________]  reward=   -39  eps=  4%  KL=+0.013  H=0.04  acts[N:5% L:0% F:56% R:0% S:38%]  (2317s)
[PPO-DEBUG] N=1198  adv=[-4.435,+5.000] std=0.996  ret=[-7.1,+4.8] mean=-3.5  mask_legal_avg=3.05  old_lp=[-1.415±3.281]
[PPO-DEBUG] mb#1 grad_norm=3.31015  loss=+0.4040  p_loss=+0.0878  v_loss=+0.6391  ent=0.1690
[PPO-DEBUG] DONE  n_mb=20  KL=+0.443784  ratio=0.81169  head_max_dparam=0.021881  clip_frac=0.407
[Train[MAPPO]]    71/300 ( 23.7%)  agents:[ 3/ 5]  done= 62% [################_________]  reward=   -40  eps=  4%  KL=+0.444  H=0.26  acts[N:13% L:0% F:17% R:0% S:70%]  (2349s)
[PPO-DEBUG] N=1667  adv=[-5.000,+5.000] std=0.973  ret=[-7.6,+4.6] mean=-3.0  mask_legal_avg=3.03  old_lp=[-4.943±5.137]
[PPO-DEBUG] mb#1 grad_norm=8.39152  loss=+0.2347  p_loss=-0.0831  v_loss=+0.6419  ent=0.1523
[PPO-DEBUG] DONE  n_mb=28  KL=+0.044040  ratio=1.03610  head_max_dparam=0.024288  clip_frac=0.505
[Train[MAPPO]]    72/300 ( 24.0%)  agents:[ 2/ 5]  done= 62% [################_________]  reward=   -39  eps=  4%  KL=+0.044  H=0.13  acts[N:23% L:0% F:66% R:0% S:11%]  (2395s)
[PPO-DEBUG] N=1671  adv=[-5.000,+5.000] std=0.975  ret=[-7.4,+4.7] mean=-4.1  mask_legal_avg=3.01  old_lp=[-5.862±5.161]
[PPO-DEBUG] mb#1 grad_norm=6.90676  loss=+0.1378  p_loss=-0.0562  v_loss=+0.3949  ent=0.1723
[PPO-DEBUG] DONE  n_mb=28  KL=+0.069286  ratio=0.96211  head_max_dparam=0.008842  clip_frac=0.636
[Train[MAPPO]]    73/300 ( 24.3%)  agents:[ 2/ 5]  done= 63% [################_________]  reward=   -39  eps=  4%  KL=+0.069  H=0.16  acts[N:9% L:0% F:66% R:0% S:24%]  (2442s)
[PPO-DEBUG] N=547  adv=[-1.314,+5.000] std=1.001  ret=[-1.6,+4.7] mean=+0.2  mask_legal_avg=3.05  old_lp=[-3.597±4.388]
[PPO-DEBUG] mb#1 grad_norm=14.78535  loss=+0.5569  p_loss=+0.0336  v_loss=+1.0475  ent=0.0210
[PPO-DEBUG] DONE  n_mb=12  KL=-0.155202  ratio=1.21623  head_max_dparam=0.007246  clip_frac=0.407
[Train[MAPPO]]    74/300 ( 24.7%)  agents:[ 5/ 5]  done= 64% [################_________]  reward=   -37  eps=  4%  KL=-0.155  H=0.03  acts[N:54% L:0% F:44% R:0% S:1%]  (2455s)
[PPO-DEBUG] N=721  adv=[-1.589,+4.658] std=1.001  ret=[-1.2,+4.8] mean=+0.3  mask_legal_avg=3.04  old_lp=[-2.376±4.589]
[PPO-DEBUG] mb#1 grad_norm=4.81478  loss=+0.2763  p_loss=+0.0101  v_loss=+0.5336  ent=0.0308
[PPO-DEBUG] DONE  n_mb=12  KL=-0.015656  ratio=1.01941  head_max_dparam=0.014004  clip_frac=0.201
[Train[MAPPO]]    75/300 ( 25.0%)  agents:[ 5/ 5]  done= 64% [################_________]  reward=   -37  eps=  4%  KL=-0.016  H=0.04  acts[N:70% L:0% F:25% R:1% S:3%]  (2470s)
[PPO-DEBUG] N=502  adv=[-4.112,+5.000] std=0.898  ret=[-0.5,+4.9] mean=+1.9  mask_legal_avg=3.07  old_lp=[-5.016±3.907]
[PPO-DEBUG] mb#1 grad_norm=3.98875  loss=+0.2897  p_loss=+0.0304  v_loss=+0.5199  ent=0.0348
[PPO-DEBUG] DONE  n_mb=8  KL=+0.039360  ratio=0.96731  head_max_dparam=0.004504  clip_frac=0.338
[Train[MAPPO]]    76/300 ( 25.3%)  agents:[ 5/ 5]  done= 66% [################_________]  reward=   -34  eps=  4%  KL=+0.039  H=0.04  acts[N:25% L:1% F:68% R:1% S:5%]  (2484s)
[PPO-DEBUG] N=372  adv=[-1.967,+5.000] std=0.987  ret=[-0.1,+5.4] mean=+2.3  mask_legal_avg=3.06  old_lp=[-5.042±3.932]
[PPO-DEBUG] mb#1 grad_norm=4.75881  loss=+0.3048  p_loss=-0.0025  v_loss=+0.6154  ent=0.0207
[PPO-DEBUG] DONE  n_mb=8  KL=+0.048148  ratio=0.96880  head_max_dparam=0.008315  clip_frac=0.318
[Train[MAPPO]]    77/300 ( 25.7%)  agents:[ 5/ 5]  done= 66% [#################________]  reward=   -33  eps=  4%  KL=+0.048  H=0.02  acts[N:29% L:1% F:68% R:0% S:1%]  (2494s)
[PPO-DEBUG] N=591  adv=[-3.582,+3.645] std=1.001  ret=[+0.2,+5.0] mean=+2.0  mask_legal_avg=3.20  old_lp=[-4.608±4.727]
[PPO-DEBUG] mb#1 grad_norm=3.54270  loss=+0.2973  p_loss=-0.0315  v_loss=+0.6588  ent=0.0312
[PPO-DEBUG] DONE  n_mb=12  KL=+0.072355  ratio=0.94586  head_max_dparam=0.013822  clip_frac=0.432
[Train[MAPPO]]    78/300 ( 26.0%)  agents:[ 5/ 5]  done= 68% [#################________]  reward=   -30  eps=  4%  KL=+0.072  H=0.03  acts[N:30% L:1% F:53% R:1% S:14%]  (2509s)
[PPO-DEBUG] N=1720  adv=[-5.000,+3.596] std=0.912  ret=[-6.5,+4.6] mean=-2.3  mask_legal_avg=3.01  old_lp=[-3.674±4.981]
[PPO-DEBUG] mb#1 grad_norm=14.35527  loss=+0.3258  p_loss=-0.0591  v_loss=+0.7740  ent=0.1092
[PPO-DEBUG] DONE  n_mb=28  KL=+0.077374  ratio=0.93889  head_max_dparam=0.022357  clip_frac=0.445
[Train[MAPPO]]    79/300 ( 26.3%)  agents:[ 2/ 5]  done= 69% [#################________]  reward=   -29  eps=  4%  KL=+0.077  H=0.09  acts[N:9% L:0% F:37% R:0% S:53%]  (2555s)
[PPO-DEBUG] N=429  adv=[-1.573,+3.837] std=1.001  ret=[+0.2,+4.9] mean=+1.7  mask_legal_avg=3.07  old_lp=[-4.811±4.302]
[PPO-DEBUG] mb#1 grad_norm=4.85132  loss=+0.1928  p_loss=-0.0219  v_loss=+0.4312  ent=0.0444
[PPO-DEBUG] DONE  n_mb=8  KL=-0.008961  ratio=1.01135  head_max_dparam=0.012625  clip_frac=0.360
[ObsFnPerf] ep=80 interval=20 sample_every=8 get=3.078ms get_many=14.828ms local_search=4.048ms deadlock_profile=0.312ms base_features=0.000ms debug_overlay=0.000ms deadlock_calls_per_local_search=7.32
[ObsFnPerfBase] transitions=0.000ms successors=0.000ms priority=0.000ms flags=0.000ms sp_hint=0.000ms
[ObsFnPerfDetail] get_p50=2.911ms get_p95=7.999ms get_max=13.090ms get_many_p50=14.412ms get_many_p95=26.558ms get_many_max=32.494ms local_search_p50=3.691ms local_search_p95=7.160ms local_search_max=9.559ms
[ObsFnPerfLocalSearch] nodes_mean=7.32 nodes_p95=8.00 edges_mean=7.19 edges_p95=8.00 seen_agents_mean=0.23 ms_per_node=0.5530 handles_per_get_many=5.00
[ObsFnPerfGetMany] total_nodes_mean=18.74 total_nodes_p95=38.00 total_edges_mean=18.55 total_edges_p95=38.00
[Train[MAPPO]]    80/300 ( 26.7%)  agents:[ 5/ 5]  done= 70% [#################________]  reward=   -28  eps=  4%  KL=-0.009  H=0.04  acts[N:35% L:0% F:62% R:1% S:1%]  (2566s)
[PPO-DEBUG] N=704  adv=[-4.490,+3.824] std=1.001  ret=[+0.0,+4.5] mean=+1.5  mask_legal_avg=3.04  old_lp=[-3.896±4.373]
[PPO-DEBUG] mb#1 grad_norm=2.55962  loss=+0.0570  p_loss=-0.0154  v_loss=+0.1465  ent=0.0386
[PPO-DEBUG] DONE  n_mb=12  KL=-0.001816  ratio=1.01217  head_max_dparam=0.009918  clip_frac=0.219
[Train[MAPPO]]    81/300 ( 27.0%)  agents:[ 5/ 5]  done= 70% [##################_______]  reward=   -27  eps=  4%  KL=-0.002  H=0.04  acts[N:44% L:1% F:49% R:0% S:6%]  (2581s)
[PPO-DEBUG] N=725  adv=[-2.481,+3.801] std=1.001  ret=[-0.3,+4.7] mean=+1.4  mask_legal_avg=3.05  old_lp=[-3.613±4.630]
[PPO-DEBUG] mb#1 grad_norm=1.51341  loss=+0.0810  p_loss=+0.0181  v_loss=+0.1270  ent=0.0284
[PPO-DEBUG] DONE  n_mb=12  KL=-0.007517  ratio=1.00849  head_max_dparam=0.003550  clip_frac=0.127
[Train[MAPPO]]    82/300 ( 27.3%)  agents:[ 5/ 5]  done= 72% [##################_______]  reward=   -25  eps=  4%  KL=-0.008  H=0.03  acts[N:54% L:1% F:42% R:1% S:2%]  (2599s)
[PPO-DEBUG] N=428  adv=[-2.131,+3.045] std=1.001  ret=[-0.2,+4.9] mean=+2.0  mask_legal_avg=3.17  old_lp=[-5.022±4.591]
[PPO-DEBUG] mb#1 grad_norm=2.92786  loss=+0.1583  p_loss=+0.0065  v_loss=+0.3057  ent=0.0524
[PPO-DEBUG] DONE  n_mb=8  KL=+0.005186  ratio=0.99742  head_max_dparam=0.006777  clip_frac=0.312
[Train[MAPPO]]    83/300 ( 27.7%)  agents:[ 5/ 5]  done= 72% [##################_______]  reward=   -25  eps=  4%  KL=+0.005  H=0.05  acts[N:24% L:0% F:62% R:2% S:12%]  (2611s)
[PPO-DEBUG] N=586  adv=[-2.028,+3.874] std=1.001  ret=[+0.1,+4.9] mean=+1.8  mask_legal_avg=3.05  old_lp=[-3.399±4.665]
[PPO-DEBUG] mb#1 grad_norm=1.31036  loss=+0.0688  p_loss=-0.0592  v_loss=+0.2573  ent=0.0340
[PPO-DEBUG] DONE  n_mb=12  KL=+0.009609  ratio=0.99525  head_max_dparam=0.010250  clip_frac=0.260
[Train[MAPPO]]    84/300 ( 28.0%)  agents:[ 5/ 5]  done= 72% [##################_______]  reward=   -25  eps=  4%  KL=+0.010  H=0.05  acts[N:51% L:1% F:40% R:1% S:8%]  (2624s)
[PPO-DEBUG] N=1191  adv=[-5.000,+4.058] std=0.961  ret=[-3.9,+4.6] mean=-1.1  mask_legal_avg=3.02  old_lp=[-5.640±5.788]
[PPO-DEBUG] mb#1 grad_norm=16.15798  loss=+0.4638  p_loss=-0.0179  v_loss=+0.9645  ent=0.0258
[PPO-DEBUG] DONE  n_mb=20  KL=+0.044303  ratio=0.98173  head_max_dparam=0.015372  clip_frac=0.422
[Train[MAPPO]]    85/300 ( 28.3%)  agents:[ 3/ 5]  done= 71% [##################_______]  reward=   -26  eps=  4%  KL=+0.044  H=0.02  acts[N:12% L:0% F:53% R:0% S:35%]  (2658s)
[PPO-DEBUG] N=278  adv=[-1.984,+3.813] std=1.002  ret=[+0.0,+5.7] mean=+2.5  mask_legal_avg=3.07  old_lp=[-5.235±4.267]
[PPO-DEBUG] mb#1 grad_norm=7.67093  loss=+0.4264  p_loss=-0.0164  v_loss=+0.8873  ent=0.0464
[PPO-DEBUG] DONE  n_mb=8  KL=-0.016194  ratio=1.02051  head_max_dparam=0.007528  clip_frac=0.349
[Train[MAPPO]]    86/300 ( 28.7%)  agents:[ 5/ 5]  done= 71% [##################_______]  reward=   -26  eps=  4%  KL=-0.016  H=0.05  acts[N:29% L:3% F:66% R:1% S:1%]  (2666s)
[PPO-DEBUG] N=780  adv=[-5.000,+2.738] std=0.989  ret=[+0.6,+4.6] mean=+2.1  mask_legal_avg=3.12  old_lp=[-3.894±4.374]
[PPO-DEBUG] mb#1 grad_norm=4.33831  loss=+0.2140  p_loss=+0.0189  v_loss=+0.3922  ent=0.0468
[PPO-DEBUG] DONE  n_mb=16  KL=+0.069664  ratio=0.95115  head_max_dparam=0.015873  clip_frac=0.427
[Train[MAPPO]]    87/300 ( 29.0%)  agents:[ 5/ 5]  done= 72% [##################_______]  reward=   -23  eps=  4%  KL=+0.070  H=0.05  acts[N:28% L:0% F:49% R:1% S:21%]  (2684s)
[PPO-DEBUG] N=1224  adv=[-5.000,+2.351] std=0.907  ret=[-6.0,+4.8] mean=-2.1  mask_legal_avg=3.02  old_lp=[-3.105±3.765]
[PPO-DEBUG] mb#1 grad_norm=11.13810  loss=+0.3748  p_loss=-0.0329  v_loss=+0.8175  ent=0.0530
[PPO-DEBUG] DONE  n_mb=20  KL=+0.037601  ratio=1.05308  head_max_dparam=0.014421  clip_frac=0.396
[Train[MAPPO]]    88/300 ( 29.3%)  agents:[ 3/ 5]  done= 73% [##################_______]  reward=   -23  eps=  4%  KL=+0.038  H=0.05  acts[N:12% L:0% F:47% R:1% S:40%]  (2718s)
[PPO-DEBUG] N=1212  adv=[-5.000,+3.931] std=0.990  ret=[-5.0,+5.0] mean=-1.9  mask_legal_avg=3.02  old_lp=[-5.739±5.481]
[PPO-DEBUG] mb#1 grad_norm=10.75647  loss=+0.4723  p_loss=+0.0595  v_loss=+0.8318  ent=0.1548
[PPO-DEBUG] DONE  n_mb=20  KL=+0.127630  ratio=0.90156  head_max_dparam=0.019177  clip_frac=0.649
[Train[MAPPO]]    89/300 ( 29.7%)  agents:[ 3/ 5]  done= 72% [##################_______]  reward=   -24  eps=  4%  KL=+0.128  H=0.19  acts[N:9% L:0% F:81% R:0% S:10%]  (2750s)
[PPO-DEBUG] N=478  adv=[-1.744,+3.807] std=1.001  ret=[-0.1,+4.9] mean=+1.6  mask_legal_avg=3.23  old_lp=[-5.408±4.203]
[PPO-DEBUG] mb#1 grad_norm=5.20433  loss=+0.2088  p_loss=+0.0078  v_loss=+0.4030  ent=0.0251
[PPO-DEBUG] DONE  n_mb=8  KL=-0.004584  ratio=1.01374  head_max_dparam=0.010108  clip_frac=0.479
[Train[MAPPO]]    90/300 ( 30.0%)  agents:[ 5/ 5]  done= 73% [##################_______]  reward=   -23  eps=  4%  KL=-0.005  H=0.03  acts[N:11% L:1% F:68% R:1% S:19%]  (2764s)
[PPO-DEBUG] N=2434  adv=[-5.000,+5.000] std=0.952  ret=[-6.3,+1.7] mean=-2.6  mask_legal_avg=3.09  old_lp=[-4.837±5.468]
[PPO-DEBUG] mb#1 grad_norm=9.44274  loss=+0.4058  p_loss=+0.0060  v_loss=+0.8022  ent=0.0620
[PPO-DEBUG] DONE  n_mb=40  KL=+0.011537  ratio=1.07113  head_max_dparam=0.032130  clip_frac=0.506
[Train[MAPPO]]    91/300 ( 30.3%)  agents:[ 0/ 5]  done= 71% [##################_______]  reward=   -26  eps=  4%  KL=+0.012  H=0.04  acts[N:5% L:0% F:47% R:2% S:46%]  (2826s)
[PPO-DEBUG] N=439  adv=[-1.502,+4.501] std=1.001  ret=[-0.8,+4.8] mean=+1.0  mask_legal_avg=3.06  old_lp=[-4.726±4.678]
[PPO-DEBUG] mb#1 grad_norm=16.84485  loss=+0.6927  p_loss=-0.0839  v_loss=+1.5540  ent=0.0220
[PPO-DEBUG] DONE  n_mb=8  KL=-0.106825  ratio=1.13281  head_max_dparam=0.006969  clip_frac=0.422
[Train[MAPPO]]    92/300 ( 30.7%)  agents:[ 5/ 5]  done= 72% [##################_______]  reward=   -24  eps=  4%  KL=-0.107  H=0.03  acts[N:42% L:1% F:55% R:1% S:1%]  (2840s)
[PPO-DEBUG] N=1289  adv=[-5.000,+4.074] std=0.994  ret=[-6.0,+4.6] mean=-1.9  mask_legal_avg=3.07  old_lp=[-5.442±3.249]
[PPO-DEBUG] mb#1 grad_norm=12.82640  loss=+0.2380  p_loss=-0.0053  v_loss=+0.4882  ent=0.0413
[PPO-DEBUG] DONE  n_mb=24  KL=+0.435087  ratio=0.89849  head_max_dparam=0.010181  clip_frac=0.748
[Train[MAPPO]]    93/300 ( 31.0%)  agents:[ 3/ 5]  done= 71% [##################_______]  reward=   -26  eps=  4%  KL=+0.435  H=0.03  acts[N:10% L:0% F:77% R:0% S:12%]  (2876s)
[PPO-DEBUG] N=303  adv=[-2.231,+3.540] std=1.002  ret=[-0.1,+5.6] mean=+2.1  mask_legal_avg=3.16  old_lp=[-5.037±4.834]
[PPO-DEBUG] mb#1 grad_norm=9.82366  loss=+0.6388  p_loss=+0.0295  v_loss=+1.2211  ent=0.0609
[PPO-DEBUG] DONE  n_mb=8  KL=-0.100553  ratio=1.12129  head_max_dparam=0.005962  clip_frac=0.521
[Train[MAPPO]]    94/300 ( 31.3%)  agents:[ 5/ 5]  done= 72% [##################_______]  reward=   -23  eps=  4%  KL=-0.101  H=0.07  acts[N:24% L:2% F:61% R:2% S:11%]  (2883s)
[PPO-DEBUG] N=2007  adv=[-5.000,+3.381] std=0.973  ret=[-7.1,+4.3] mean=-3.8  mask_legal_avg=3.01  old_lp=[-5.803±5.716]
[PPO-DEBUG] mb#1 grad_norm=10.99812  loss=+0.6483  p_loss=+0.1467  v_loss=+1.0162  ent=0.3246
[PPO-DEBUG] DONE  n_mb=32  KL=+0.268857  ratio=0.85207  head_max_dparam=0.018908  clip_frac=0.722
[Train[MAPPO]]    95/300 ( 31.7%)  agents:[ 1/ 5]  done= 71% [##################_______]  reward=   -26  eps=  4%  KL=+0.269  H=0.31  acts[N:4% L:0% F:77% R:0% S:19%]  (2936s)
[PPO-DEBUG] N=751  adv=[-3.859,+3.997] std=1.001  ret=[-1.0,+4.6] mean=+0.7  mask_legal_avg=3.10  old_lp=[-6.327±5.148]
[PPO-DEBUG] mb#1 grad_norm=7.97929  loss=+0.4700  p_loss=+0.0052  v_loss=+0.9309  ent=0.0337
[PPO-DEBUG] DONE  n_mb=12  KL=-0.029961  ratio=1.05280  head_max_dparam=0.014152  clip_frac=0.469
[Train[MAPPO]]    96/300 ( 32.0%)  agents:[ 5/ 5]  done= 71% [##################_______]  reward=   -26  eps=  4%  KL=-0.030  H=0.03  acts[N:26% L:1% F:66% R:1% S:7%]  (2956s)
[PPO-DEBUG] N=1243  adv=[-5.000,+3.016] std=0.937  ret=[-6.8,+5.2] mean=-3.3  mask_legal_avg=3.02  old_lp=[-2.039±3.470]
[PPO-DEBUG] mb#1 grad_norm=5.13920  loss=+0.2570  p_loss=-0.0056  v_loss=+0.5337  ent=0.2131
[PPO-DEBUG] DONE  n_mb=20  KL=+0.156551  ratio=0.92143  head_max_dparam=0.011628  clip_frac=0.380
[Train[MAPPO]]    97/300 ( 32.3%)  agents:[ 3/ 5]  done= 71% [##################_______]  reward=   -26  eps=  4%  KL=+0.157  H=0.20  acts[N:15% L:0% F:34% R:0% S:50%]  (2991s)
[PPO-DEBUG] N=627  adv=[-2.757,+3.489] std=1.001  ret=[-1.1,+4.9] mean=+1.0  mask_legal_avg=3.07  old_lp=[-5.082±5.102]
[PPO-DEBUG] mb#1 grad_norm=3.81470  loss=+0.1221  p_loss=-0.0475  v_loss=+0.3408  ent=0.0411
[PPO-DEBUG] DONE  n_mb=12  KL=+0.018635  ratio=0.98553  head_max_dparam=0.006823  clip_frac=0.287
[Train[MAPPO]]    98/300 ( 32.7%)  agents:[ 5/ 5]  done= 72% [##################_______]  reward=   -24  eps=  4%  KL=+0.019  H=0.05  acts[N:23% L:1% F:53% R:1% S:22%]  (3006s)
[PPO-DEBUG] N=1223  adv=[-5.000,+2.831] std=0.950  ret=[-6.9,+5.0] mean=-3.5  mask_legal_avg=3.07  old_lp=[-1.835±3.268]
[PPO-DEBUG] mb#1 grad_norm=3.34648  loss=+0.3556  p_loss=+0.0114  v_loss=+0.7050  ent=0.4162
[PPO-DEBUG] DONE  n_mb=20  KL=+0.028223  ratio=0.98537  head_max_dparam=0.024643  clip_frac=0.418
[Train[MAPPO]]    99/300 ( 33.0%)  agents:[ 3/ 5]  done= 73% [##################_______]  reward=   -23  eps=  4%  KL=+0.028  H=0.40  acts[N:9% L:0% F:37% R:0% S:54%]  (3047s)
[PPO-DEBUG] N=838  adv=[-5.000,+4.588] std=0.995  ret=[-0.5,+4.8] mean=+1.1  mask_legal_avg=3.22  old_lp=[-6.934±5.031]
[PPO-DEBUG] mb#1 grad_norm=2.41599  loss=+0.2050  p_loss=+0.0151  v_loss=+0.3812  ent=0.0337
[PPO-DEBUG] DONE  n_mb=16  KL=+0.001600  ratio=1.01044  head_max_dparam=0.026211  clip_frac=0.463
[ObsFnPerf] ep=100 interval=20 sample_every=8 get=4.018ms get_many=21.012ms local_search=4.878ms deadlock_profile=0.447ms base_features=0.000ms debug_overlay=0.000ms deadlock_calls_per_local_search=7.50
[ObsFnPerfBase] transitions=0.000ms successors=0.000ms priority=0.000ms flags=0.000ms sp_hint=0.000ms
[ObsFnPerfDetail] get_p50=3.486ms get_p95=9.878ms get_max=13.210ms get_many_p50=21.915ms get_many_p95=31.609ms get_many_max=210.315ms local_search_p50=4.886ms local_search_p95=8.272ms local_search_max=9.246ms
[ObsFnPerfLocalSearch] nodes_mean=7.50 nodes_p95=8.00 edges_mean=7.37 edges_p95=9.00 seen_agents_mean=0.58 ms_per_node=0.6504 handles_per_get_many=5.00
[ObsFnPerfGetMany] total_nodes_mean=20.77 total_nodes_p95=38.00 total_edges_mean=20.34 total_edges_p95=36.00
[Train[MAPPO]]   100/300 ( 33.3%)  agents:[ 5/ 5]  done= 73% [##################_______]  reward=   -23  eps=  4%  KL=+0.002  H=0.03  acts[N:9% L:1% F:70% R:1% S:19%]  (3074s)

[Train] Mid-training eval at episode 100 ...
>> Environment:Flatland:RailEnv
[Env] Using 324 cached environments at /home/u216993/workspace/ai4realnet/aiAdrian_flatland/flatland_solver_policy/example/flatland_rail_env/generated_envs/simple_marl
Load environments from disk. #  324  loaded.
[reward] Using OutcomeBasedReward (step=-1, deadlock=-5, done=+50+saved, all_done=+100, fail=-200, scale=0.01)

[Eval] MAPPOPolicy  x  10 episodes
------------------------------------------------------------
[Eval[MAPPOPolicy]] starting (10 iterations)
>> DeadLockAvoidancePolicy
[Eval[MAPPOPolicy]]     1/10 ( 10.0%)  agents:[ 5/ 5]  done=100% [#########################]  deadlock=  0%  steps= 146  reward=   +24.4  (4s)
[Eval[MAPPOPolicy]]     2/10 ( 20.0%)  agents:[ 4/ 5]  done= 90% [######################___]  deadlock=  0%  steps= 322  reward=   +16.7  (12s)
[Eval[MAPPOPolicy]]     3/10 ( 30.0%)  agents:[ 4/ 5]  done= 87% [######################___]  deadlock=  0%  steps= 381  reward=   +13.6  (25s)
[Eval[MAPPOPolicy]]     4/10 ( 40.0%)  agents:[ 1/ 5]  done= 70% [##################_______]  deadlock=  0%  steps= 411  reward=    +6.0  (44s)
[Eval[MAPPOPolicy]]     5/10 ( 50.0%)  agents:[ 5/ 5]  done= 76% [###################______]  deadlock=  0%  steps= 377  reward=    +9.0  (49s)
[Eval[MAPPOPolicy]]     6/10 ( 60.0%)  agents:[ 1/ 5]  done= 67% [#################________]  deadlock=  7%  steps= 397  reward=    -3.2  (67s)
[Eval[MAPPOPolicy]]     7/10 ( 70.0%)  agents:[ 5/ 5]  done= 71% [##################_______]  deadlock=  6%  steps= 363  reward=    +0.4  (72s)
[Eval[MAPPOPolicy]]     8/10 ( 80.0%)  agents:[ 2/ 5]  done= 68% [#################________]  deadlock=  5%  steps= 380  reward=    -1.8  (90s)
[Eval[MAPPOPolicy]]     9/10 ( 90.0%)  agents:[ 5/ 5]  done= 71% [##################_______]  deadlock=  4%  steps= 358  reward=    +0.7  (95s)

========================================================================
  [DecisionPointObs] BASE FEATURE REPORT  (n=100 episodes, ep=9)
========================================================================
   #  Feature                   min    max    mean    std          trend  note
  --------------------------------------------------------------------
   0  path_left               0.000  0.000  0.0000 0.0000   ↔ flat/noisy  
   1  path_forward            0.000  1.000  0.6000 0.4899   ↔ flat/noisy  
   2  path_right              0.000  1.000  0.4000 0.4899   ↔ flat/noisy  
   3  delta_left             -1.000 -1.000 -1.0000 0.0000   ↔ flat/noisy  
   4  delta_forward          -1.000  0.000 -0.5652 0.4659   ↔ flat/noisy  
   5  delta_right            -1.000  0.000 -0.6000 0.4899   ↔ flat/noisy  
   6  st_3                    0.000  0.000  0.0000 0.0000   ↔ flat/noisy  🟡 ready_to_depart 0% of steps
   7  priority_rank           0.216  1.000  0.6224 0.2777   ↔ flat/noisy  🟡 no clear progress trend
   8  is_pre_merge            0.000  1.000  0.6000 0.4899   ↔ flat/noisy  pre-merge 60% of steps
   9  is_switch               0.000  1.000  0.2000 0.4000   ↔ flat/noisy  at switch 20% of steps
  10  sp_left                 0.000  0.000  0.0000 0.0000   ↔ flat/noisy  used 0% of steps
  11  sp_forward              0.000  1.000  0.4000 0.4899   ↔ flat/noisy  used 40% of steps
  12  sp_right                0.000  1.000  0.4000 0.4899   ↔ flat/noisy  used 40% of steps
  13  deadlock_risk           0.067  0.250  0.1619 0.0631   ↔ flat/noisy  mean risk=0.162
  14  deadlock_distance_norm  0.000  1.000  0.3857 0.4729   ↔ flat/noisy  near-deadlock 40% of steps
  15  steps_to_next_switch_norm  0.000  1.000  0.4500 0.4583   ↔ flat/noisy  mean prox=0.450
  16  sp_improves_norm        0.000  0.826  0.1652 0.3305   ↔ flat/noisy  mean gain=0.165
  17  last_action_left        0.000  0.000  0.0000 0.0000   ↔ flat/noisy  left 0% of steps
  18  last_action_forward     0.000  0.000  0.0000 0.0000   ↔ flat/noisy  forward 0% of steps
  19  last_action_right       0.000  0.000  0.0000 0.0000   ↔ flat/noisy  right 0% of steps
  20  last_action_stop        0.000  1.000  0.6000 0.4899   ↔ flat/noisy  stop 60% of steps
  21  action_matches_sp       0.500  0.500  0.5000 0.0000   ↔ flat/noisy  follow 0% / yield 100% / off 0%
  22  spawn_active_density    0.600  0.600  0.6000 0.0000   ↔ flat/noisy  
  23  spawn_pending_density   0.000  0.000  0.0000 0.0000   ↔ flat/noisy  
  24  spawn_is_ready          0.000  0.000  0.0000 0.0000   ↔ flat/noisy  
  25  global_conflict_pressure  0.000  0.000  0.0000 0.0000   ↔ flat/noisy  
  26  my_priority_global      0.000  1.000  0.3000 0.4000   ↔ flat/noisy  
  27  my_sp_blocked_score     0.000  0.000  0.0000 0.0000   ↔ flat/noisy  
  28  sp_alternatives_avg_score  0.000  0.000  0.0000 0.0000   ↔ flat/noisy  
  29  expected_yield_count    0.000  0.500  0.1000 0.2000   ↔ flat/noisy  
  30  vertex_conflict_left    0.000  0.000  0.0000 0.0000   ↔ flat/noisy  
  31  edge_conflict_left      0.000  0.000  0.0000 0.0000   ↔ flat/noisy  
  32  lane_density_left       0.000  0.000  0.0000 0.0000   ↔ flat/noisy  
  33  vertex_conflict_forward  0.000  0.000  0.0000 0.0000   ↔ flat/noisy  
  34  edge_conflict_forward   0.000  1.000  0.2000 0.4000   ↔ flat/noisy  
  35  lane_density_forward    0.000  0.333  0.0667 0.1333   ↔ flat/noisy  
  36  vertex_conflict_right   0.000  0.000  0.0000 0.0000   ↔ flat/noisy  
  37  edge_conflict_right     0.000  1.000  0.2000 0.4000   ↔ flat/noisy  
  38  lane_density_right      0.000  0.333  0.0667 0.1333   ↔ flat/noisy  

  priority_rank half-half: first=0.6224 → second=0.6224  Δ=+0.0000 ↔

  Tree: nodes=4.8±3.9 [0,8]   edges=4.4±3.6 [0,8]
========================================================================
[Eval[MAPPOPolicy]]    10/10 (100.0%)  agents:[ 2/ 5]  done= 68% [#################________]  deadlock=  8%  steps= 372  reward=    -5.6  (111s)
------------------------------------------------------------
[Eval]  MAPPOPolicy  RESULT  (110.6s)
  done_rate     = 0.680  (+/-0.325)
  deadlock_rate = 0.080
  episode_len   = 372.4
  total_reward  = -5.64

[Save] /home/u216993/workspace/ai4realnet/aiAdrian_flatland/flatland_solver_policy/example/flatland_rail_env/mappo_checkpoint_conflict_aware.pt
[PPO-DEBUG] N=423  adv=[-1.512,+3.129] std=1.001  ret=[-0.1,+4.9] mean=+1.7  mask_legal_avg=3.08  old_lp=[-5.131±4.568]
[PPO-DEBUG] mb#1 grad_norm=5.97673  loss=+0.2434  p_loss=+0.0061  v_loss=+0.4766  ent=0.0475
[PPO-DEBUG] DONE  n_mb=8  KL=-0.036706  ratio=1.04360  head_max_dparam=0.010685  clip_frac=0.346

========================================================================
  [DecisionPointObs] BASE FEATURE REPORT  (n=100 episodes, ep=100)
========================================================================
   #  Feature                   min    max    mean    std          trend  note
  --------------------------------------------------------------------
   0  path_left               0.000  1.000  0.0160 0.1255   ↔ flat/noisy  
   1  path_forward            0.000  1.000  0.5720 0.4948   ↔ flat/noisy  
   2  path_right              0.000  1.000  0.0200 0.1400   ↔ flat/noisy  
   3  delta_left             -1.000  0.000 -0.9844 0.1224   ↔ flat/noisy  
   4  delta_forward          -1.000  0.000 -0.4340 0.4956   ↔ flat/noisy  
   5  delta_right            -1.000  0.000 -0.9840 0.1255   ↔ flat/noisy  
   6  st_3                    0.000  1.000  0.1180 0.3226   ↔ flat/noisy  🟡 ready_to_depart 12% of steps
   7  priority_rank           0.005  1.000  0.6734 0.3602    ↓ tend-fall  ✅ agent approaching goal
   8  is_pre_merge            0.000  1.000  0.5760 0.4942   ↔ flat/noisy  pre-merge 58% of steps
   9  is_switch               0.000  1.000  0.0120 0.1089   ↔ flat/noisy  at switch 1% of steps
  10  sp_left                 0.000  1.000  0.0140 0.1175   ↔ flat/noisy  used 1% of steps
  11  sp_forward              0.000  1.000  0.5660 0.4956   ↔ flat/noisy  used 57% of steps
  12  sp_right                0.000  1.000  0.0160 0.1255   ↔ flat/noisy  used 2% of steps
  13  deadlock_risk           0.076  0.384  0.2359 0.0537   ↔ flat/noisy  mean risk=0.236
  14  deadlock_distance_norm  0.000  1.000  0.4060 0.4911   ↔ flat/noisy  near-deadlock 41% of steps
  15  steps_to_next_switch_norm  0.000  1.000  0.6615 0.3094   ↔ flat/noisy  mean prox=0.661
  16  sp_improves_norm        0.000  1.000  0.0104 0.0999   ↔ flat/noisy  mean gain=0.010
  17  last_action_left        0.000  1.000  0.0060 0.0772   ↔ flat/noisy  left 1% of steps
  18  last_action_forward     0.000  1.000  0.0860 0.2804   ↔ flat/noisy  forward 9% of steps
  19  last_action_right       0.000  0.000  0.0000 0.0000   ↔ flat/noisy  right 0% of steps
  20  last_action_stop        0.000  0.000  0.0000 0.0000   ↔ flat/noisy  stop 0% of steps
  21  action_matches_sp       0.000  1.000  0.5200 0.1503   ↔ flat/noisy  follow 7% / yield 91% / off 3%
  22  spawn_active_density    0.000  0.200  0.0900 0.0995   ↔ flat/noisy  
  23  spawn_pending_density   0.000  0.200  0.1180 0.0984   ↔ flat/noisy  
  24  spawn_is_ready          0.000  1.000  0.1180 0.3226   ↔ flat/noisy  
  25  global_conflict_pressure  0.000  0.000  0.0000 0.0000   ↔ flat/noisy  
  26  my_priority_global      0.000  1.000  0.1960 0.3970   ↔ flat/noisy  
  27  my_sp_blocked_score     0.000  0.000  0.0000 0.0000   ↔ flat/noisy  
  28  sp_alternatives_avg_score  0.000  0.000  0.0000 0.0000   ↔ flat/noisy  
  29  expected_yield_count    0.000  0.000  0.0000 0.0000   ↔ flat/noisy  
  30  vertex_conflict_left    0.000  0.000  0.0000 0.0000   ↔ flat/noisy  
  31  edge_conflict_left      0.000  0.000  0.0000 0.0000   ↔ flat/noisy  
  32  lane_density_left       0.000  0.000  0.0000 0.0000   ↔ flat/noisy  
  33  vertex_conflict_forward  0.000  0.000  0.0000 0.0000   ↔ flat/noisy  
  34  edge_conflict_forward   0.000  0.000  0.0000 0.0000   ↔ flat/noisy  
  35  lane_density_forward    0.000  0.000  0.0000 0.0000   ↔ flat/noisy  
  36  vertex_conflict_right   0.000  0.000  0.0000 0.0000   ↔ flat/noisy  
  37  edge_conflict_right     0.000  0.000  0.0000 0.0000   ↔ flat/noisy  
  38  lane_density_right      0.000  0.000  0.0000 0.0000   ↔ flat/noisy  

  priority_rank half-half: first=0.6742 → second=0.6727  Δ=-0.0015 ↔

  Tree: nodes=1.4±2.7 [0,8]   edges=1.4±2.8 [0,10]
========================================================================
[Train[MAPPO]]   101/300 ( 33.7%)  agents:[ 5/ 5]  done= 75% [###################______]  reward=   -20  eps=  4%  KL=-0.037  H=0.05  acts[N:35% L:1% F:60% R:1% S:3%]  (3197s)
[PPO-DEBUG] N=297  adv=[-2.871,+3.298] std=1.002  ret=[+0.9,+5.6] mean=+2.8  mask_legal_avg=3.12  old_lp=[-6.690±4.831]
[PPO-DEBUG] mb#1 grad_norm=4.59374  loss=+0.2547  p_loss=+0.0243  v_loss=+0.4622  ent=0.0402
[PPO-DEBUG] DONE  n_mb=8  KL=-0.004392  ratio=1.01643  head_max_dparam=0.009210  clip_frac=0.378
[Train[MAPPO]]   102/300 ( 34.0%)  agents:[ 5/ 5]  done= 75% [###################______]  reward=   -20  eps=  4%  KL=-0.004  H=0.04  acts[N:13% L:2% F:72% R:0% S:13%]  (3204s)
[PPO-DEBUG] N=1217  adv=[-5.000,+5.000] std=0.939  ret=[-4.6,+5.0] mean=-1.7  mask_legal_avg=3.04  old_lp=[-6.056±6.284]
[PPO-DEBUG] mb#1 grad_norm=10.88598  loss=+0.3950  p_loss=-0.0211  v_loss=+0.8330  ent=0.0181
[PPO-DEBUG] DONE  n_mb=20  KL=+0.077149  ratio=0.97136  head_max_dparam=0.013977  clip_frac=0.375
[Train[MAPPO]]   103/300 ( 34.3%)  agents:[ 3/ 5]  done= 74% [###################______]  reward=   -22  eps=  4%  KL=+0.077  H=0.03  acts[N:6% L:1% F:51% R:0% S:42%]  (3235s)
[PPO-DEBUG] N=2026  adv=[-5.000,+5.000] std=0.943  ret=[-6.7,+4.6] mean=-3.6  mask_legal_avg=3.01  old_lp=[-5.158±5.357]
[PPO-DEBUG] mb#1 grad_norm=15.01730  loss=+0.3690  p_loss=-0.0161  v_loss=+0.7828  ent=0.3170
[PPO-DEBUG] DONE  n_mb=32  KL=+0.448995  ratio=0.89445  head_max_dparam=0.023673  clip_frac=0.803
[Train[MAPPO]]   104/300 ( 34.7%)  agents:[ 1/ 5]  done= 74% [###################______]  reward=   -21  eps=  4%  KL=+0.449  H=0.18  acts[N:2% L:0% F:80% R:0% S:18%]  (3279s)
[PPO-DEBUG] N=1120  adv=[-5.000,+3.915] std=0.997  ret=[-7.0,+4.9] mean=-3.4  mask_legal_avg=3.02  old_lp=[-3.732±3.619]
[PPO-DEBUG] mb#1 grad_norm=8.49164  loss=+0.4232  p_loss=+0.0246  v_loss=+0.8073  ent=0.2530
[PPO-DEBUG] DONE  n_mb=20  KL=+0.240209  ratio=0.85474  head_max_dparam=0.013548  clip_frac=0.638
[Train[MAPPO]]   105/300 ( 35.0%)  agents:[ 3/ 5]  done= 74% [##################_______]  reward=   -22  eps=  4%  KL=+0.240  H=0.24  acts[N:14% L:0% F:63% R:0% S:22%]  (3314s)
[PPO-DEBUG] N=1496  adv=[-5.000,+3.827] std=0.963  ret=[-7.1,+5.0] mean=-3.9  mask_legal_avg=3.02  old_lp=[-7.499±6.180]
[PPO-DEBUG] mb#1 grad_norm=7.02112  loss=+0.4997  p_loss=+0.0614  v_loss=+0.8822  ent=0.1375
[PPO-DEBUG] DONE  n_mb=24  KL=+0.044705  ratio=1.00583  head_max_dparam=0.010070  clip_frac=0.446
[Train[MAPPO]]   106/300 ( 35.3%)  agents:[ 2/ 5]  done= 74% [##################_______]  reward=   -22  eps=  4%  KL=+0.045  H=0.14  acts[N:10% L:0% F:64% R:0% S:25%]  (3353s)
[PPO-DEBUG] N=445  adv=[-3.124,+3.741] std=1.001  ret=[-2.8,+5.3] mean=+0.1  mask_legal_avg=3.16  old_lp=[-7.919±4.971]
[PPO-DEBUG] mb#1 grad_norm=19.75157  loss=+2.3198  p_loss=+0.0103  v_loss=+4.6213  ent=0.0559
[PPO-DEBUG] DONE  n_mb=8  KL=-0.016836  ratio=1.04536  head_max_dparam=0.005901  clip_frac=0.488
[Train[MAPPO]]   107/300 ( 35.7%)  agents:[ 5/ 5]  done= 76% [###################______]  reward=   -19  eps=  4%  KL=-0.017  H=0.06  acts[N:5% L:2% F:80% R:1% S:12%]  (3365s)
[PPO-DEBUG] N=469  adv=[-2.443,+5.000] std=0.993  ret=[-0.7,+4.7] mean=+1.2  mask_legal_avg=3.09  old_lp=[-5.387±5.228]
[PPO-DEBUG] mb#1 grad_norm=9.98749  loss=+0.3725  p_loss=-0.0447  v_loss=+0.8364  ent=0.0507
[PPO-DEBUG] DONE  n_mb=8  KL=-0.024982  ratio=1.02984  head_max_dparam=0.011051  clip_frac=0.301
[Train[MAPPO]]   108/300 ( 36.0%)  agents:[ 5/ 5]  done= 76% [###################______]  reward=   -19  eps=  4%  KL=-0.025  H=0.05  acts[N:34% L:1% F:58% R:1% S:6%]  (3376s)
[PPO-DEBUG] N=2049  adv=[-5.000,+5.000] std=0.971  ret=[-6.6,+4.5] mean=-3.1  mask_legal_avg=3.01  old_lp=[-6.964±6.621]
[PPO-DEBUG] mb#1 grad_norm=7.00230  loss=+0.3488  p_loss=+0.0124  v_loss=+0.6842  ent=0.2878
[PPO-DEBUG] DONE  n_mb=32  KL=+0.115505  ratio=0.91990  head_max_dparam=0.034691  clip_frac=0.578
[Train[MAPPO]]   109/300 ( 36.3%)  agents:[ 1/ 5]  done= 74% [##################_______]  reward=   -21  eps=  4%  KL=+0.116  H=0.25  acts[N:5% L:0% F:66% R:0% S:28%]  (3427s)
[PPO-DEBUG] N=695  adv=[-5.000,+5.000] std=0.992  ret=[-1.6,+5.0] mean=+0.9  mask_legal_avg=3.14  old_lp=[-5.191±5.614]
[PPO-DEBUG] mb#1 grad_norm=3.18764  loss=+0.3684  p_loss=-0.0038  v_loss=+0.7454  ent=0.0251
[PPO-DEBUG] DONE  n_mb=12  KL=+0.009877  ratio=0.99607  head_max_dparam=0.010540  clip_frac=0.237
[Train[MAPPO]]   110/300 ( 36.7%)  agents:[ 5/ 5]  done= 74% [##################_______]  reward=   -21  eps=  4%  KL=+0.010  H=0.03  acts[N:39% L:1% F:49% R:0% S:10%]  (3445s)
[PPO-DEBUG] N=469  adv=[-2.689,+2.980] std=1.001  ret=[+0.0,+5.1] mean=+1.8  mask_legal_avg=3.24  old_lp=[-7.856±5.424]
[PPO-DEBUG] mb#1 grad_norm=4.79404  loss=+0.4119  p_loss=+0.0369  v_loss=+0.7515  ent=0.0350
[PPO-DEBUG] DONE  n_mb=8  KL=-0.020873  ratio=1.02567  head_max_dparam=0.008198  clip_frac=0.342
[Train[MAPPO]]   111/300 ( 37.0%)  agents:[ 5/ 5]  done= 75% [###################______]  reward=   -19  eps=  4%  KL=-0.021  H=0.03  acts[N:9% L:1% F:71% R:2% S:17%]  (3457s)
[PPO-DEBUG] N=447  adv=[-4.983,+2.891] std=1.001  ret=[-0.0,+4.9] mean=+1.8  mask_legal_avg=3.18  old_lp=[-6.242±5.712]
[PPO-DEBUG] mb#1 grad_norm=4.85068  loss=+0.2402  p_loss=-0.0363  v_loss=+0.5543  ent=0.0305
[PPO-DEBUG] DONE  n_mb=8  KL=-0.024368  ratio=1.02815  head_max_dparam=0.008009  clip_frac=0.365
[Train[MAPPO]]   112/300 ( 37.3%)  agents:[ 5/ 5]  done= 76% [###################______]  reward=   -17  eps=  4%  KL=-0.024  H=0.04  acts[N:26% L:2% F:57% R:1% S:15%]  (3469s)
[PPO-DEBUG] N=566  adv=[-4.237,+5.000] std=1.000  ret=[-0.0,+4.7] mean=+1.9  mask_legal_avg=3.09  old_lp=[-6.941±5.084]
[PPO-DEBUG] mb#1 grad_norm=3.19666  loss=+0.3156  p_loss=-0.0106  v_loss=+0.6538  ent=0.0339
[PPO-DEBUG] DONE  n_mb=12  KL=+0.000914  ratio=1.00946  head_max_dparam=0.011265  clip_frac=0.546
[Train[MAPPO]]   113/300 ( 37.7%)  agents:[ 5/ 5]  done= 76% [###################______]  reward=   -17  eps=  4%  KL=+0.001  H=0.04  acts[N:23% L:1% F:70% R:2% S:4%]  (3484s)
[PPO-DEBUG] N=1290  adv=[-5.000,+3.920] std=0.997  ret=[-3.0,+4.6] mean=-0.5  mask_legal_avg=3.07  old_lp=[-5.831±6.164]
[PPO-DEBUG] mb#1 grad_norm=11.80814  loss=+0.4762  p_loss=-0.0081  v_loss=+0.9771  ent=0.2120
[PPO-DEBUG] DONE  n_mb=24  KL=+0.302167  ratio=0.81597  head_max_dparam=0.021463  clip_frac=0.659
[Train[MAPPO]]   114/300 ( 38.0%)  agents:[ 3/ 5]  done= 76% [###################______]  reward=   -18  eps=  4%  KL=+0.302  H=0.18  acts[N:16% L:0% F:74% R:0% S:9%]  (3519s)
[PPO-DEBUG] N=2040  adv=[-5.000,+3.243] std=0.927  ret=[-5.9,+5.0] mean=-3.6  mask_legal_avg=3.01  old_lp=[-0.906±2.529]
[PPO-DEBUG] mb#1 grad_norm=7.45165  loss=+0.3950  p_loss=-0.0310  v_loss=+0.8607  ent=0.2154
[PPO-DEBUG] DONE  n_mb=32  KL=-0.019007  ratio=1.03822  head_max_dparam=0.030914  clip_frac=0.271
[Train[MAPPO]]   115/300 ( 38.3%)  agents:[ 1/ 5]  done= 74% [###################______]  reward=   -21  eps=  4%  KL=-0.019  H=0.25  acts[N:2% L:0% F:12% R:0% S:85%]  (3570s)
[PPO-DEBUG] N=368  adv=[-1.652,+3.135] std=1.001  ret=[-0.6,+5.0] mean=+1.2  mask_legal_avg=3.10  old_lp=[-6.667±5.126]
[PPO-DEBUG] mb#1 grad_norm=10.79323  loss=+0.8323  p_loss=-0.0194  v_loss=+1.7053  ent=0.0422
[PPO-DEBUG] DONE  n_mb=8  KL=-0.028980  ratio=1.04005  head_max_dparam=0.011146  clip_frac=0.414
[Train[MAPPO]]   116/300 ( 38.7%)  agents:[ 5/ 5]  done= 74% [##################_______]  reward=   -21  eps=  4%  KL=-0.029  H=0.04  acts[N:27% L:2% F:67% R:1% S:3%]  (3580s)
[PPO-DEBUG] N=1432  adv=[-5.000,+3.508] std=0.983  ret=[-6.1,+4.6] mean=-1.9  mask_legal_avg=3.03  old_lp=[-6.700±6.304]
[PPO-DEBUG] mb#1 grad_norm=4.42712  loss=+0.2391  p_loss=-0.0231  v_loss=+0.5295  ent=0.1256
[PPO-DEBUG] DONE  n_mb=24  KL=+0.008616  ratio=1.01661  head_max_dparam=0.030781  clip_frac=0.524
[Train[MAPPO]]   117/300 ( 39.0%)  agents:[ 3/ 5]  done= 74% [###################______]  reward=   -20  eps=  4%  KL=+0.009  H=0.12  acts[N:12% L:0% F:70% R:0% S:17%]  (3614s)
[PPO-DEBUG] N=1993  adv=[-5.000,+5.000] std=0.989  ret=[-6.0,+4.7] mean=-2.6  mask_legal_avg=3.03  old_lp=[-8.395±5.326]
[PPO-DEBUG] mb#1 grad_norm=12.62060  loss=+0.3612  p_loss=-0.0139  v_loss=+0.7564  ent=0.1541
[PPO-DEBUG] DONE  n_mb=32  KL=+0.103267  ratio=0.95171  head_max_dparam=0.024586  clip_frac=0.827
[Train[MAPPO]]   118/300 ( 39.3%)  agents:[ 1/ 5]  done= 73% [##################_______]  reward=   -23  eps=  4%  KL=+0.103  H=0.15  acts[N:2% L:0% F:93% R:0% S:5%]  (3666s)
[PPO-DEBUG] N=685  adv=[-3.743,+5.000] std=1.000  ret=[-0.8,+4.4] mean=+0.6  mask_legal_avg=3.06  old_lp=[-7.962±4.179]
[PPO-DEBUG] mb#1 grad_norm=4.24064  loss=+0.2485  p_loss=-0.0055  v_loss=+0.5091  ent=0.0262
[PPO-DEBUG] DONE  n_mb=12  KL=+0.002219  ratio=1.01013  head_max_dparam=0.019751  clip_frac=0.501
[Train[MAPPO]]   119/300 ( 39.7%)  agents:[ 5/ 5]  done= 75% [###################______]  reward=   -20  eps=  4%  KL=+0.002  H=0.03  acts[N:8% L:0% F:88% R:1% S:3%]  (3684s)
[PPO-DEBUG] N=1151  adv=[-4.321,+5.000] std=1.000  ret=[-4.9,+4.9] mean=-2.3  mask_legal_avg=3.01  old_lp=[-10.442±4.261]
[PPO-DEBUG] mb#1 grad_norm=6.81149  loss=+0.2950  p_loss=-0.0175  v_loss=+0.6252  ent=0.0068
[PPO-DEBUG] DONE  n_mb=20  KL=+0.319191  ratio=0.79441  head_max_dparam=0.022103  clip_frac=0.765
[ObsFnPerf] ep=120 interval=20 sample_every=8 get=2.823ms get_many=14.335ms local_search=4.430ms deadlock_profile=0.387ms base_features=0.000ms debug_overlay=0.000ms deadlock_calls_per_local_search=7.46
[ObsFnPerfBase] transitions=0.000ms successors=0.000ms priority=0.000ms flags=0.000ms sp_hint=0.000ms
[ObsFnPerfDetail] get_p50=0.590ms get_p95=7.426ms get_max=11.091ms get_many_p50=12.944ms get_many_p95=24.018ms get_many_max=34.094ms local_search_p50=4.329ms local_search_p95=6.707ms local_search_max=7.881ms
[ObsFnPerfLocalSearch] nodes_mean=7.46 nodes_p95=8.00 edges_mean=7.43 edges_p95=8.00 seen_agents_mean=0.86 ms_per_node=0.5942 handles_per_get_many=5.00
[ObsFnPerfGetMany] total_nodes_mean=17.13 total_nodes_p95=30.90 total_edges_mean=17.09 total_edges_p95=30.00
[Train[MAPPO]]   120/300 ( 40.0%)  agents:[ 3/ 5]  done= 76% [###################______]  reward=   -19  eps=  4%  KL=+0.319  H=0.01  acts[N:6% L:0% F:92% R:0% S:2%]  (3715s)
[PPO-DEBUG] N=362  adv=[-2.417,+3.957] std=1.001  ret=[-0.6,+5.3] mean=+1.9  mask_legal_avg=3.11  old_lp=[-6.885±4.617]
[PPO-DEBUG] mb#1 grad_norm=9.43628  loss=+0.5425  p_loss=+0.0204  v_loss=+1.0455  ent=0.0344
[PPO-DEBUG] DONE  n_mb=8  KL=-0.021178  ratio=1.02701  head_max_dparam=0.009049  clip_frac=0.459
[Train[MAPPO]]   121/300 ( 40.3%)  agents:[ 5/ 5]  done= 76% [###################______]  reward=   -18  eps=  4%  KL=-0.021  H=0.04  acts[N:22% L:1% F:74% R:1% S:2%]  (3723s)
[PPO-DEBUG] N=2431  adv=[-5.000,+1.316] std=0.869  ret=[-6.9,+0.8] mean=-4.4  mask_legal_avg=3.01  old_lp=[-3.216±5.602]
[PPO-DEBUG] mb#1 grad_norm=8.50750  loss=+0.4735  p_loss=-0.0029  v_loss=+0.9622  ent=0.2336
[PPO-DEBUG] DONE  n_mb=40  KL=+0.024819  ratio=0.99814  head_max_dparam=0.039011  clip_frac=0.343
[Train[MAPPO]]   122/300 ( 40.7%)  agents:[ 0/ 5]  done= 76% [###################______]  reward=   -19  eps=  4%  KL=+0.025  H=0.25  acts[N:4% L:0% F:36% R:0% S:60%]  (3787s)
[PPO-DEBUG] N=1127  adv=[-2.693,+5.000] std=0.992  ret=[-3.1,+4.2] mean=-1.1  mask_legal_avg=3.20  old_lp=[-5.332±6.501]
[PPO-DEBUG] mb#1 grad_norm=9.43657  loss=+0.3702  p_loss=+0.0764  v_loss=+0.5877  ent=0.0062
[PPO-DEBUG] DONE  n_mb=20  KL=-0.060128  ratio=1.09769  head_max_dparam=0.018801  clip_frac=0.331
[Train[MAPPO]]   123/300 ( 41.0%)  agents:[ 5/ 5]  done= 77% [###################______]  reward=   -17  eps=  4%  KL=-0.060  H=0.01  acts[N:39% L:1% F:41% R:0% S:19%]  (3813s)
[PPO-DEBUG] N=644  adv=[-4.050,+3.790] std=1.001  ret=[-1.4,+4.7] mean=+0.1  mask_legal_avg=3.05  old_lp=[-5.738±6.377]
[PPO-DEBUG] mb#1 grad_norm=10.52027  loss=+0.6056  p_loss=+0.0499  v_loss=+1.1117  ent=0.0068
[PPO-DEBUG] DONE  n_mb=12  KL=-0.085485  ratio=1.10424  head_max_dparam=0.009927  clip_frac=0.418
[Train[MAPPO]]   124/300 ( 41.3%)  agents:[ 5/ 5]  done= 77% [###################______]  reward=   -17  eps=  4%  KL=-0.085  H=0.01  acts[N:47% L:1% F:48% R:1% S:4%]  (3830s)
[PPO-DEBUG] N=732  adv=[-1.595,+5.000] std=0.992  ret=[-0.9,+4.4] mean=+0.5  mask_legal_avg=3.03  old_lp=[-3.647±5.605]
[PPO-DEBUG] mb#1 grad_norm=5.12486  loss=+0.2017  p_loss=-0.0081  v_loss=+0.4202  ent=0.0116
[PPO-DEBUG] DONE  n_mb=12  KL=-0.054990  ratio=1.07823  head_max_dparam=0.006790  clip_frac=0.276
[Train[MAPPO]]   125/300 ( 41.7%)  agents:[ 5/ 5]  done= 77% [###################______]  reward=   -17  eps=  4%  KL=-0.055  H=0.02  acts[N:67% L:1% F:31% R:0% S:1%]  (3846s)
[PPO-DEBUG] N=343  adv=[-1.748,+3.700] std=1.001  ret=[-0.4,+5.5] mean=+2.1  mask_legal_avg=3.06  old_lp=[-6.425±5.789]
[PPO-DEBUG] mb#1 grad_norm=7.78955  loss=+0.4946  p_loss=+0.0406  v_loss=+0.9086  ent=0.0155
[PPO-DEBUG] DONE  n_mb=8  KL=+0.010750  ratio=0.99481  head_max_dparam=0.007958  clip_frac=0.304
[Train[MAPPO]]   126/300 ( 42.0%)  agents:[ 5/ 5]  done= 77% [###################______]  reward=   -17  eps=  4%  KL=+0.011  H=0.02  acts[N:36% L:2% F:60% R:1% S:2%]  (3855s)
[PPO-DEBUG] N=1246  adv=[-5.000,+3.074] std=0.970  ret=[-5.3,+5.0] mean=-1.5  mask_legal_avg=3.06  old_lp=[-9.233±5.251]
[PPO-DEBUG] mb#1 grad_norm=9.04969  loss=+0.3990  p_loss=+0.0030  v_loss=+0.7930  ent=0.0235
[PPO-DEBUG] DONE  n_mb=20  KL=+0.048505  ratio=0.97949  head_max_dparam=0.013083  clip_frac=0.653
[Train[MAPPO]]   127/300 ( 42.3%)  agents:[ 3/ 5]  done= 76% [###################______]  reward=   -19  eps=  4%  KL=+0.049  H=0.02  acts[N:11% L:0% F:82% R:1% S:6%]  (3888s)
[PPO-DEBUG] N=1350  adv=[-5.000,+3.261] std=0.931  ret=[-6.7,+4.3] mean=-2.7  mask_legal_avg=3.06  old_lp=[-3.140±4.228]
[PPO-DEBUG] mb#1 grad_norm=4.70743  loss=+0.3200  p_loss=-0.0027  v_loss=+0.6559  ent=0.2629
[PPO-DEBUG] DONE  n_mb=24  KL=+0.396838  ratio=0.85780  head_max_dparam=0.019645  clip_frac=0.534
[Train[MAPPO]]   128/300 ( 42.7%)  agents:[ 3/ 5]  done= 75% [###################______]  reward=   -20  eps=  4%  KL=+0.397  H=0.22  acts[N:9% L:0% F:62% R:1% S:28%]  (3925s)
[PPO-DEBUG] N=1991  adv=[-5.000,+4.143] std=0.951  ret=[-7.0,+4.3] mean=-3.5  mask_legal_avg=3.02  old_lp=[-7.084±6.302]
[PPO-DEBUG] mb#1 grad_norm=10.38976  loss=+0.2343  p_loss=-0.0255  v_loss=+0.5246  ent=0.1245
[PPO-DEBUG] DONE  n_mb=32  KL=+0.056516  ratio=0.99228  head_max_dparam=0.015683  clip_frac=0.600
[Train[MAPPO]]   129/300 ( 43.0%)  agents:[ 1/ 5]  done= 75% [###################______]  reward=   -21  eps=  4%  KL=+0.057  H=0.13  acts[N:6% L:0% F:85% R:0% S:9%]  (3981s)
[PPO-DEBUG] N=1576  adv=[-5.000,+5.000] std=0.930  ret=[-6.2,+5.0] mean=-3.6  mask_legal_avg=3.01  old_lp=[-10.661±4.440]
[PPO-DEBUG] mb#1 grad_norm=5.16566  loss=+0.3108  p_loss=+0.0057  v_loss=+0.6104  ent=0.0075
[PPO-DEBUG] DONE  n_mb=28  KL=+0.026123  ratio=0.98744  head_max_dparam=0.019370  clip_frac=0.603
[Train[MAPPO]]   130/300 ( 43.3%)  agents:[ 2/ 5]  done= 74% [##################_______]  reward=   -22  eps=  4%  KL=+0.026  H=0.01  acts[N:11% L:0% F:88% R:0% S:1%]  (4016s)
[PPO-DEBUG] N=1954  adv=[-5.000,+5.000] std=0.925  ret=[-7.4,+4.4] mean=-3.9  mask_legal_avg=3.01  old_lp=[-9.684±6.160]
[PPO-DEBUG] mb#1 grad_norm=6.92261  loss=+0.4727  p_loss=+0.0873  v_loss=+0.7768  ent=0.1531
[PPO-DEBUG] DONE  n_mb=32  KL=+0.154363  ratio=0.90863  head_max_dparam=0.014516  clip_frac=0.702
[Train[MAPPO]]   131/300 ( 43.7%)  agents:[ 1/ 5]  done= 72% [##################_______]  reward=   -25  eps=  4%  KL=+0.154  H=0.15  acts[N:5% L:0% F:85% R:0% S:10%]  (4077s)
[PPO-DEBUG] N=2005  adv=[-5.000,+5.000] std=0.950  ret=[-7.5,+5.1] mean=-3.7  mask_legal_avg=3.07  old_lp=[-6.496±6.532]
[PPO-DEBUG] mb#1 grad_norm=4.72207  loss=+0.6543  p_loss=+0.0627  v_loss=+1.1924  ent=0.2270
[PPO-DEBUG] DONE  n_mb=32  KL=+0.013095  ratio=1.00304  head_max_dparam=0.032656  clip_frac=0.500
[Train[MAPPO]]   132/300 ( 44.0%)  agents:[ 1/ 5]  done= 70% [##################_______]  reward=   -27  eps=  4%  KL=+0.013  H=0.22  acts[N:3% L:0% F:73% R:1% S:23%]  (4130s)
[PPO-DEBUG] N=1197  adv=[-5.000,+5.000] std=0.971  ret=[-7.6,+4.8] mean=-4.5  mask_legal_avg=3.01  old_lp=[-2.223±3.686]
[PPO-DEBUG] mb#1 grad_norm=10.97050  loss=+0.4767  p_loss=+0.1043  v_loss=+0.7639  ent=0.4779
[PPO-DEBUG] DONE  n_mb=20  KL=+0.182397  ratio=0.98842  head_max_dparam=0.011742  clip_frac=0.509
[Train[MAPPO]]   133/300 ( 44.3%)  agents:[ 3/ 5]  done= 70% [#################________]  reward=   -29  eps=  4%  KL=+0.182  H=0.40  acts[N:8% L:0% F:62% R:0% S:30%]  (4164s)
[PPO-DEBUG] N=863  adv=[-4.466,+5.000] std=0.999  ret=[-4.8,+5.0] mean=-1.0  mask_legal_avg=3.11  old_lp=[-6.736±4.331]
[PPO-DEBUG] mb#1 grad_norm=10.22720  loss=+0.6980  p_loss=-0.1037  v_loss=+1.6046  ent=0.0330
[PPO-DEBUG] DONE  n_mb=16  KL=+0.049709  ratio=0.99802  head_max_dparam=0.019216  clip_frac=0.600
[Train[MAPPO]]   134/300 ( 44.7%)  agents:[ 4/ 5]  done= 69% [#################________]  reward=   -29  eps=  4%  KL=+0.050  H=0.03  acts[N:11% L:2% F:80% R:1% S:7%]  (4185s)
[PPO-DEBUG] N=1653  adv=[-5.000,+4.014] std=0.951  ret=[-7.7,+5.2] mean=-4.0  mask_legal_avg=3.02  old_lp=[-6.921±6.125]
[PPO-DEBUG] mb#1 grad_norm=7.98445  loss=+0.2906  p_loss=-0.0880  v_loss=+0.7606  ent=0.0849
[PPO-DEBUG] DONE  n_mb=28  KL=+0.124900  ratio=1.03038  head_max_dparam=0.032338  clip_frac=0.626
[Train[MAPPO]]   135/300 ( 45.0%)  agents:[ 2/ 5]  done= 69% [#################________]  reward=   -29  eps=  4%  KL=+0.125  H=0.09  acts[N:11% L:0% F:84% R:0% S:5%]  (4232s)
[PPO-DEBUG] N=556  adv=[-3.637,+5.000] std=0.999  ret=[-1.3,+4.6] mean=+0.6  mask_legal_avg=3.08  old_lp=[-6.330±5.609]
[PPO-DEBUG] mb#1 grad_norm=7.46885  loss=+0.4422  p_loss=+0.0060  v_loss=+0.8732  ent=0.0229
[PPO-DEBUG] DONE  n_mb=12  KL=+0.023104  ratio=0.98730  head_max_dparam=0.017790  clip_frac=0.458
[Train[MAPPO]]   136/300 ( 45.3%)  agents:[ 5/ 5]  done= 69% [#################________]  reward=   -30  eps=  4%  KL=+0.023  H=0.02  acts[N:33% L:1% F:61% R:0% S:6%]  (4246s)
[PPO-DEBUG] N=571  adv=[-3.223,+3.129] std=1.001  ret=[-1.2,+4.8] mean=+0.7  mask_legal_avg=3.05  old_lp=[-5.602±5.609]
[PPO-DEBUG] mb#1 grad_norm=7.98569  loss=+0.2136  p_loss=-0.0238  v_loss=+0.4755  ent=0.0192
[PPO-DEBUG] DONE  n_mb=12  KL=-0.045757  ratio=1.05428  head_max_dparam=0.014835  clip_frac=0.398
[Train[MAPPO]]   137/300 ( 45.7%)  agents:[ 5/ 5]  done= 69% [#################________]  reward=   -30  eps=  4%  KL=-0.046  H=0.03  acts[N:44% L:1% F:53% R:1% S:1%]  (4263s)
[PPO-DEBUG] N=619  adv=[-3.070,+3.685] std=1.001  ret=[-0.7,+5.0] mean=+1.2  mask_legal_avg=3.12  old_lp=[-4.839±5.707]
[PPO-DEBUG] mb#1 grad_norm=3.72791  loss=+0.2099  p_loss=-0.0436  v_loss=+0.5090  ent=0.0451
[PPO-DEBUG] DONE  n_mb=12  KL=+0.010610  ratio=0.99867  head_max_dparam=0.015580  clip_frac=0.296
[Train[MAPPO]]   138/300 ( 46.0%)  agents:[ 5/ 5]  done= 70% [#################________]  reward=   -28  eps=  4%  KL=+0.011  H=0.06  acts[N:44% L:1% F:45% R:0% S:10%]  (4279s)
[PPO-DEBUG] N=978  adv=[-4.034,+5.000] std=0.965  ret=[-1.8,+4.9] mean=+1.0  mask_legal_avg=3.22  old_lp=[-4.957±5.245]
[PPO-DEBUG] mb#1 grad_norm=3.37022  loss=+0.2060  p_loss=+0.0136  v_loss=+0.3890  ent=0.1069
[PPO-DEBUG] DONE  n_mb=16  KL=+0.017242  ratio=0.99447  head_max_dparam=0.015294  clip_frac=0.473
[Train[MAPPO]]   139/300 ( 46.3%)  agents:[ 5/ 5]  done= 70% [##################_______]  reward=   -27  eps=  4%  KL=+0.017  H=0.12  acts[N:15% L:0% F:49% R:5% S:31%]  (4305s)
[PPO-DEBUG] N=350  adv=[-1.789,+3.537] std=1.001  ret=[+0.0,+4.7] mean=+2.0  mask_legal_avg=3.06  old_lp=[-7.893±4.709]
[PPO-DEBUG] mb#1 grad_norm=4.34820  loss=+0.1448  p_loss=-0.0016  v_loss=+0.2938  ent=0.0282
[PPO-DEBUG] DONE  n_mb=8  KL=+0.018414  ratio=0.99386  head_max_dparam=0.007306  clip_frac=0.532
[ObsFnPerf] ep=140 interval=20 sample_every=8 get=2.516ms get_many=12.730ms local_search=4.235ms deadlock_profile=0.356ms base_features=0.000ms debug_overlay=0.000ms deadlock_calls_per_local_search=7.16
[ObsFnPerfBase] transitions=0.000ms successors=0.000ms priority=0.000ms flags=0.000ms sp_hint=0.000ms
[ObsFnPerfDetail] get_p50=1.024ms get_p95=7.722ms get_max=9.845ms get_many_p50=11.717ms get_many_p95=23.098ms get_many_max=26.484ms local_search_p50=3.906ms local_search_p95=7.043ms local_search_max=8.922ms
[ObsFnPerfLocalSearch] nodes_mean=7.16 nodes_p95=8.00 edges_mean=7.05 edges_p95=9.00 seen_agents_mean=0.26 ms_per_node=0.5912 handles_per_get_many=5.00
[ObsFnPerfGetMany] total_nodes_mean=13.34 total_nodes_p95=29.00 total_edges_mean=13.12 total_edges_p95=30.00
[Train[MAPPO]]   140/300 ( 46.7%)  agents:[ 5/ 5]  done= 70% [##################_______]  reward=   -27  eps=  4%  KL=+0.018  H=0.03  acts[N:14% L:1% F:81% R:2% S:2%]  (4314s)
[PPO-DEBUG] N=2032  adv=[-5.000,+2.969] std=0.925  ret=[-7.2,+4.3] mean=-4.5  mask_legal_avg=3.03  old_lp=[-1.486±2.890]
[PPO-DEBUG] mb#1 grad_norm=7.45141  loss=+0.1418  p_loss=-0.1018  v_loss=+0.4897  ent=0.0635
[PPO-DEBUG] DONE  n_mb=32  KL=+0.008868  ratio=1.05711  head_max_dparam=0.021295  clip_frac=0.272
[Train[MAPPO]]   141/300 ( 47.0%)  agents:[ 1/ 5]  done= 71% [##################_______]  reward=   -27  eps=  4%  KL=+0.009  H=0.09  acts[N:5% L:0% F:20% R:0% S:74%]  (4370s)
[PPO-DEBUG] N=1124  adv=[-5.000,+5.000] std=0.982  ret=[-7.4,+5.0] mean=-4.5  mask_legal_avg=3.01  old_lp=[-4.139±4.210]
[PPO-DEBUG] mb#1 grad_norm=7.78871  loss=+0.2752  p_loss=-0.0566  v_loss=+0.6732  ent=0.2402
[PPO-DEBUG] DONE  n_mb=20  KL=+0.431425  ratio=0.76730  head_max_dparam=0.011255  clip_frac=0.630
[Train[MAPPO]]   142/300 ( 47.3%)  agents:[ 3/ 5]  done= 70% [##################_______]  reward=   -28  eps=  4%  KL=+0.431  H=0.23  acts[N:2% L:0% F:61% R:0% S:36%]  (4403s)
[PPO-DEBUG] N=2002  adv=[-5.000,+4.534] std=0.958  ret=[-7.6,+5.1] mean=-4.4  mask_legal_avg=3.02  old_lp=[-6.569±7.118]
[PPO-DEBUG] mb#1 grad_norm=5.24242  loss=+0.4808  p_loss=+0.0646  v_loss=+0.8333  ent=0.0220
[PPO-DEBUG] DONE  n_mb=32  KL=+0.019502  ratio=1.25760  head_max_dparam=0.014962  clip_frac=0.322
[Train[MAPPO]]   143/300 ( 47.7%)  agents:[ 1/ 5]  done= 69% [#################________]  reward=   -29  eps=  4%  KL=+0.020  H=0.03  acts[N:8% L:0% F:47% R:0% S:45%]  (4457s)
[PPO-DEBUG] N=1009  adv=[-4.940,+4.419] std=1.000  ret=[-4.1,+4.8] mean=-0.9  mask_legal_avg=3.07  old_lp=[-6.963±6.088]
[PPO-DEBUG] mb#1 grad_norm=13.74255  loss=+1.1948  p_loss=+0.0479  v_loss=+2.2943  ent=0.0126
[PPO-DEBUG] DONE  n_mb=16  KL=-0.016887  ratio=1.06534  head_max_dparam=0.014658  clip_frac=0.456
[Train[MAPPO]]   144/300 ( 48.0%)  agents:[ 4/ 5]  done= 69% [#################________]  reward=   -30  eps=  4%  KL=-0.017  H=0.01  acts[N:35% L:2% F:60% R:1% S:2%]  (4480s)
[PPO-DEBUG] N=2031  adv=[-5.000,+5.000] std=0.956  ret=[-7.5,+4.5] mean=-3.9  mask_legal_avg=3.04  old_lp=[-8.268±4.607]
[PPO-DEBUG] mb#1 grad_norm=5.61175  loss=+0.0294  p_loss=-0.1315  v_loss=+0.3224  ent=0.0194
[PPO-DEBUG] DONE  n_mb=32  KL=+0.065208  ratio=1.01549  head_max_dparam=0.015844  clip_frac=0.751
[Train[MAPPO]]   145/300 ( 48.3%)  agents:[ 2/ 5]  done= 69% [#################________]  reward=   -29  eps=  4%  KL=+0.065  H=0.02  acts[N:12% L:0% F:83% R:0% S:4%]  (4522s)
[PPO-DEBUG] N=1316  adv=[-5.000,+5.000] std=0.994  ret=[-7.3,+4.5] mean=-2.9  mask_legal_avg=3.06  old_lp=[-5.492±6.687]
[PPO-DEBUG] mb#1 grad_norm=2.71813  loss=+0.3026  p_loss=-0.0070  v_loss=+0.6207  ent=0.0356
[PPO-DEBUG] DONE  n_mb=24  KL=+0.047830  ratio=0.97794  head_max_dparam=0.017275  clip_frac=0.394
[Train[MAPPO]]   146/300 ( 48.7%)  agents:[ 3/ 5]  done= 68% [#################________]  reward=   -30  eps=  4%  KL=+0.048  H=0.05  acts[N:29% L:0% F:43% R:1% S:27%]  (4553s)
[PPO-DEBUG] N=1287  adv=[-5.000,+5.000] std=0.988  ret=[-6.1,+5.0] mean=-3.1  mask_legal_avg=3.03  old_lp=[-11.767±5.516]
[PPO-DEBUG] mb#1 grad_norm=7.34315  loss=+0.5016  p_loss=-0.0549  v_loss=+1.1135  ent=0.0108
[PPO-DEBUG] DONE  n_mb=20  KL=+0.073815  ratio=0.96861  head_max_dparam=0.010696  clip_frac=0.732
[Train[MAPPO]]   147/300 ( 49.0%)  agents:[ 3/ 5]  done= 68% [#################________]  reward=   -30  eps=  4%  KL=+0.074  H=0.01  acts[N:13% L:1% F:84% R:0% S:2%]  (4587s)
[PPO-DEBUG] N=600  adv=[-1.892,+5.000] std=0.986  ret=[-1.8,+4.8] mean=+0.2  mask_legal_avg=3.20  old_lp=[-8.239±6.841]
[PPO-DEBUG] mb#1 grad_norm=14.77614  loss=+1.0500  p_loss=-0.0128  v_loss=+2.1260  ent=0.0098
[PPO-DEBUG] DONE  n_mb=12  KL=-0.045428  ratio=2.09229  head_max_dparam=0.009601  clip_frac=0.437
[Train[MAPPO]]   148/300 ( 49.3%)  agents:[ 5/ 5]  done= 68% [#################________]  reward=   -30  eps=  4%  KL=-0.045  H=0.01  acts[N:22% L:1% F:61% R:3% S:14%]  (4603s)
[PPO-DEBUG] N=1053  adv=[-4.163,+5.000] std=0.990  ret=[-4.9,+5.2] mean=-0.6  mask_legal_avg=3.17  old_lp=[-7.242±6.035]
[PPO-DEBUG] mb#1 grad_norm=16.27959  loss=+0.7533  p_loss=-0.0547  v_loss=+1.6166  ent=0.0111
[PPO-DEBUG] DONE  n_mb=20  KL=+0.008933  ratio=1.15181  head_max_dparam=0.018012  clip_frac=0.560
[Train[MAPPO]]   149/300 ( 49.7%)  agents:[ 5/ 5]  done= 69% [#################________]  reward=   -29  eps=  4%  KL=+0.009  H=0.02  acts[N:8% L:1% F:63% R:0% S:27%]  (4632s)
[PPO-DEBUG] N=1193  adv=[-5.000,+5.000] std=0.991  ret=[-3.2,+5.0] mean=-0.2  mask_legal_avg=3.14  old_lp=[-5.582±6.353]
[PPO-DEBUG] mb#1 grad_norm=3.17199  loss=+0.2089  p_loss=+0.0077  v_loss=+0.4031  ent=0.0169
[PPO-DEBUG] DONE  n_mb=20  KL=-0.046212  ratio=1.06505  head_max_dparam=0.013038  clip_frac=0.390
[Train[MAPPO]]   150/300 ( 50.0%)  agents:[ 4/ 5]  done= 69% [#################________]  reward=   -30  eps=  4%  KL=-0.046  H=0.02  acts[N:44% L:0% F:47% R:1% S:8%]  (4660s)
[PPO-DEBUG] N=1961  adv=[-5.000,+5.000] std=0.984  ret=[-6.8,+4.9] mean=-4.0  mask_legal_avg=3.01  old_lp=[-3.719±5.463]
[PPO-DEBUG] mb#1 grad_norm=13.65500  loss=+0.2179  p_loss=-0.0306  v_loss=+0.5031  ent=0.1503
[PPO-DEBUG] DONE  n_mb=32  KL=+0.810774  ratio=0.80458  head_max_dparam=0.011410  clip_frac=0.439

========================================================================
  [DecisionPointObs] BASE FEATURE REPORT  (n=100 episodes, ep=150)
========================================================================
   #  Feature                   min    max    mean    std          trend  note
  --------------------------------------------------------------------
   0  path_left               0.000  0.000  0.0000 0.0000   ↔ flat/noisy  
   1  path_forward            0.000  1.000  0.8000 0.4000   ↔ flat/noisy  
   2  path_right              0.000  1.000  0.2000 0.4000   ↔ flat/noisy  
   3  delta_left             -1.000 -1.000 -1.0000 0.0000   ↔ flat/noisy  
   4  delta_forward          -1.000  0.000 -0.2000 0.4000   ↔ flat/noisy  
   5  delta_right            -1.000  0.000 -0.8000 0.4000   ↔ flat/noisy  
   6  st_3                    0.000  0.000  0.0000 0.0000   ↔ flat/noisy  🟡 ready_to_depart 0% of steps
   7  priority_rank           0.062  0.819  0.4167 0.2603   ↔ flat/noisy  🟡 no clear progress trend
   8  is_pre_merge            1.000  1.000  1.0000 0.0000   ↔ flat/noisy  pre-merge 100% of steps
   9  is_switch               0.000  0.000  0.0000 0.0000   ↔ flat/noisy  at switch 0% of steps
  10  sp_left                 0.000  0.000  0.0000 0.0000   ↔ flat/noisy  used 0% of steps
  11  sp_forward              0.000  1.000  0.8000 0.4000   ↔ flat/noisy  used 80% of steps
  12  sp_right                0.000  1.000  0.2000 0.4000   ↔ flat/noisy  used 20% of steps
  13  deadlock_risk           0.134  0.281  0.2045 0.0590   ↔ flat/noisy  mean risk=0.205
  14  deadlock_distance_norm  0.000  0.929  0.5571 0.4549   ↔ flat/noisy  near-deadlock 60% of steps
  15  steps_to_next_switch_norm  0.000  0.500  0.3500 0.1837   ↔ flat/noisy  mean prox=0.350
  16  sp_improves_norm        0.000  0.000  0.0000 0.0000   ↔ flat/noisy  mean gain=0.000
  17  last_action_left        0.000  0.000  0.0000 0.0000   ↔ flat/noisy  left 0% of steps
  18  last_action_forward     0.000  0.000  0.0000 0.0000   ↔ flat/noisy  forward 0% of steps
  19  last_action_right       0.000  0.000  0.0000 0.0000   ↔ flat/noisy  right 0% of steps
  20  last_action_stop        0.000  1.000  0.8000 0.4000   ↔ flat/noisy  stop 80% of steps
  21  action_matches_sp       0.500  0.500  0.5000 0.0000   ↔ flat/noisy  follow 0% / yield 100% / off 0%
  22  spawn_active_density    0.800  0.800  0.8000 0.0000   ↔ flat/noisy  
  23  spawn_pending_density   0.000  0.000  0.0000 0.0000   ↔ flat/noisy  
  24  spawn_is_ready          0.000  0.000  0.0000 0.0000   ↔ flat/noisy  
  25  global_conflict_pressure  0.000  0.000  0.0000 0.0000   ↔ flat/noisy  
  26  my_priority_global      0.000  1.000  0.4000 0.3887   ↔ flat/noisy  
  27  my_sp_blocked_score     0.000  0.000  0.0000 0.0000   ↔ flat/noisy  
  28  sp_alternatives_avg_score  0.000  0.000  0.0000 0.0000   ↔ flat/noisy  
  29  expected_yield_count    0.000  0.333  0.1333 0.1633   ↔ flat/noisy  
  30  vertex_conflict_left    0.000  0.000  0.0000 0.0000   ↔ flat/noisy  
  31  edge_conflict_left      0.000  0.000  0.0000 0.0000   ↔ flat/noisy  
  32  lane_density_left       0.000  0.000  0.0000 0.0000   ↔ flat/noisy  
  33  vertex_conflict_forward  0.000  0.000  0.0000 0.0000   ↔ flat/noisy  
  34  edge_conflict_forward   0.000  1.000  0.6000 0.4899   ↔ flat/noisy  
  35  lane_density_forward    0.000  0.333  0.2000 0.1633   ↔ flat/noisy  
  36  vertex_conflict_right   0.000  0.000  0.0000 0.0000   ↔ flat/noisy  
  37  edge_conflict_right     0.000  1.000  0.2000 0.4000   ↔ flat/noisy  
  38  lane_density_right      0.000  0.333  0.0667 0.1333   ↔ flat/noisy  

  priority_rank half-half: first=0.4167 → second=0.4167  Δ=+0.0000 ↔

  Tree: nodes=6.2±3.1 [0,8]   edges=6.2±3.2 [0,9]
========================================================================
[Train[MAPPO]]   151/300 ( 50.3%)  agents:[ 1/ 5]  done= 67% [#################________]  reward=   -32  eps=  4%  KL=+0.811  H=0.14  acts[N:2% L:0% F:48% R:0% S:50%]  (4712s)
[PPO-DEBUG] N=1229  adv=[-4.697,+4.912] std=1.000  ret=[-7.0,+4.6] mean=-3.0  mask_legal_avg=3.04  old_lp=[-3.979±4.390]
[PPO-DEBUG] mb#1 grad_norm=14.96743  loss=+0.3608  p_loss=+0.0380  v_loss=+0.6505  ent=0.1208
[PPO-DEBUG] DONE  n_mb=20  KL=+0.454789  ratio=0.78527  head_max_dparam=0.016784  clip_frac=0.528
[Train[MAPPO]]   152/300 ( 50.7%)  agents:[ 3/ 5]  done= 66% [#################________]  reward=   -34  eps=  4%  KL=+0.455  H=0.12  acts[N:10% L:0% F:57% R:1% S:33%]  (4746s)
[PPO-DEBUG] N=453  adv=[-2.231,+3.556] std=1.001  ret=[-1.6,+5.1] mean=+0.9  mask_legal_avg=3.07  old_lp=[-6.726±6.624]
[PPO-DEBUG] mb#1 grad_norm=10.70980  loss=+0.5669  p_loss=+0.0397  v_loss=+1.0555  ent=0.0252
[PPO-DEBUG] DONE  n_mb=8  KL=-0.052111  ratio=1.06929  head_max_dparam=0.009716  clip_frac=0.408
[Train[MAPPO]]   153/300 ( 51.0%)  agents:[ 5/ 5]  done= 67% [#################________]  reward=   -32  eps=  4%  KL=-0.052  H=0.03  acts[N:41% L:2% F:54% R:0% S:2%]  (4756s)
[PPO-DEBUG] N=1139  adv=[-4.455,+5.000] std=0.943  ret=[-5.9,+4.6] mean=-1.9  mask_legal_avg=3.05  old_lp=[-7.079±6.534]
[PPO-DEBUG] mb#1 grad_norm=8.91127  loss=+0.5466  p_loss=-0.0075  v_loss=+1.1090  ent=0.0224
[PPO-DEBUG] DONE  n_mb=20  KL=+0.525715  ratio=0.77116  head_max_dparam=0.018526  clip_frac=0.614
[Train[MAPPO]]   154/300 ( 51.3%)  agents:[ 3/ 5]  done= 68% [#################________]  reward=   -31  eps=  4%  KL=+0.526  H=0.01  acts[N:20% L:0% F:65% R:0% S:14%]  (4789s)
[PPO-DEBUG] N=1229  adv=[-5.000,+5.000] std=0.989  ret=[-4.9,+4.9] mean=-1.8  mask_legal_avg=3.03  old_lp=[-12.808±6.014]
[PPO-DEBUG] mb#1 grad_norm=10.79902  loss=+0.3675  p_loss=-0.0325  v_loss=+0.8001  ent=0.0058
[PPO-DEBUG] DONE  n_mb=20  KL=+0.055459  ratio=0.95558  head_max_dparam=0.016759  clip_frac=0.649
[Train[MAPPO]]   155/300 ( 51.7%)  agents:[ 3/ 5]  done= 68% [#################________]  reward=   -31  eps=  4%  KL=+0.055  H=0.01  acts[N:14% L:0% F:82% R:0% S:3%]  (4824s)
[PPO-DEBUG] N=799  adv=[-3.542,+4.516] std=1.001  ret=[-1.0,+4.5] mean=+0.7  mask_legal_avg=3.06  old_lp=[-5.565±6.184]
[PPO-DEBUG] mb#1 grad_norm=4.27918  loss=+0.1299  p_loss=-0.0041  v_loss=+0.2687  ent=0.0171
[PPO-DEBUG] DONE  n_mb=16  KL=-0.011590  ratio=1.03208  head_max_dparam=0.007314  clip_frac=0.381
[Train[MAPPO]]   156/300 ( 52.0%)  agents:[ 5/ 5]  done= 69% [#################________]  reward=   -29  eps=  4%  KL=-0.012  H=0.02  acts[N:49% L:1% F:47% R:1% S:2%]  (4849s)
[PPO-DEBUG] N=1109  adv=[-5.000,+3.774] std=0.993  ret=[-6.6,+5.2] mean=-3.8  mask_legal_avg=3.02  old_lp=[-8.690±3.553]
[PPO-DEBUG] mb#1 grad_norm=4.47851  loss=+0.1065  p_loss=-0.0855  v_loss=+0.3851  ent=0.0281
[PPO-DEBUG] DONE  n_mb=20  KL=+0.295299  ratio=0.95019  head_max_dparam=0.010107  clip_frac=0.637
[Train[MAPPO]]   157/300 ( 52.3%)  agents:[ 3/ 5]  done= 68% [#################________]  reward=   -30  eps=  4%  KL=+0.295  H=0.02  acts[N:7% L:0% F:90% R:0% S:2%]  (4882s)
[PPO-DEBUG] N=1154  adv=[-5.000,+5.000] std=0.987  ret=[-7.1,+4.8] mean=-3.5  mask_legal_avg=3.01  old_lp=[-2.224±4.421]
[PPO-DEBUG] mb#1 grad_norm=2.66392  loss=+0.1478  p_loss=-0.0049  v_loss=+0.3219  ent=0.4165
[PPO-DEBUG] DONE  n_mb=20  KL=-0.000871  ratio=1.01997  head_max_dparam=0.017276  clip_frac=0.398
[Train[MAPPO]]   158/300 ( 52.7%)  agents:[ 3/ 5]  done= 68% [#################________]  reward=   -32  eps=  4%  KL=-0.001  H=0.39  acts[N:17% L:0% F:30% R:0% S:53%]  (4917s)
[PPO-DEBUG] N=1559  adv=[-5.000,+2.852] std=0.851  ret=[-7.4,+5.0] mean=-3.9  mask_legal_avg=3.01  old_lp=[-7.069±7.011]
[PPO-DEBUG] mb#1 grad_norm=7.04775  loss=+0.1974  p_loss=-0.0318  v_loss=+0.4623  ent=0.1000
[PPO-DEBUG] DONE  n_mb=28  KL=-0.044321  ratio=1.21914  head_max_dparam=0.015396  clip_frac=0.543
[Train[MAPPO]]   159/300 ( 53.0%)  agents:[ 2/ 5]  done= 68% [#################________]  reward=   -31  eps=  4%  KL=-0.044  H=0.08  acts[N:13% L:0% F:53% R:0% S:34%]  (4957s)
[PPO-DEBUG] N=535  adv=[-4.468,+3.482] std=1.001  ret=[-1.8,+4.9] mean=+0.7  mask_legal_avg=3.07  old_lp=[-6.027±6.020]
[PPO-DEBUG] mb#1 grad_norm=14.49997  loss=+0.9853  p_loss=-0.0633  v_loss=+2.0985  ent=0.0333
[PPO-DEBUG] DONE  n_mb=12  KL=-0.045466  ratio=1.06131  head_max_dparam=0.014099  clip_frac=0.403
[ObsFnPerf] ep=160 interval=20 sample_every=8 get=3.469ms get_many=17.105ms local_search=3.748ms deadlock_profile=0.364ms base_features=0.000ms debug_overlay=0.000ms deadlock_calls_per_local_search=6.67
[ObsFnPerfBase] transitions=0.000ms successors=0.000ms priority=0.000ms flags=0.000ms sp_hint=0.000ms
[ObsFnPerfDetail] get_p50=2.727ms get_p95=8.403ms get_max=20.469ms get_many_p50=18.404ms get_many_p95=26.467ms get_many_max=35.436ms local_search_p50=3.301ms local_search_p95=6.690ms local_search_max=14.328ms
[ObsFnPerfLocalSearch] nodes_mean=6.67 nodes_p95=8.00 edges_mean=6.11 edges_p95=8.75 seen_agents_mean=0.11 ms_per_node=0.5623 handles_per_get_many=5.00
[ObsFnPerfGetMany] total_nodes_mean=20.32 total_nodes_p95=32.00 total_edges_mean=18.65 total_edges_p95=30.00
[Train[MAPPO]]   160/300 ( 53.3%)  agents:[ 5/ 5]  done= 68% [#################________]  reward=   -31  eps=  4%  KL=-0.045  H=0.03  acts[N:38% L:2% F:54% R:1% S:5%]  (4970s)
[PPO-DEBUG] N=1412  adv=[-5.000,+5.000] std=0.936  ret=[-7.1,+4.9] mean=-3.4  mask_legal_avg=3.01  old_lp=[-1.861±4.172]
[PPO-DEBUG] mb#1 grad_norm=3.19439  loss=+0.2669  p_loss=-0.0490  v_loss=+0.6358  ent=0.0989
[PPO-DEBUG] DONE  n_mb=24  KL=+0.023159  ratio=0.99259  head_max_dparam=0.013061  clip_frac=0.259
[Train[MAPPO]]   161/300 ( 53.7%)  agents:[ 3/ 5]  done= 67% [#################________]  reward=   -32  eps=  4%  KL=+0.023  H=0.11  acts[N:18% L:0% F:17% R:0% S:64%]  (5006s)
[PPO-DEBUG] N=460  adv=[-1.661,+3.804] std=1.001  ret=[-1.0,+5.0] mean=+0.9  mask_legal_avg=3.05  old_lp=[-6.001±6.210]
[PPO-DEBUG] mb#1 grad_norm=8.58653  loss=+0.3283  p_loss=+0.0182  v_loss=+0.6209  ent=0.0157
[PPO-DEBUG] DONE  n_mb=8  KL=-0.096027  ratio=1.11535  head_max_dparam=0.009351  clip_frac=0.409
[Train[MAPPO]]   162/300 ( 54.0%)  agents:[ 5/ 5]  done= 67% [#################________]  reward=   -32  eps=  4%  KL=-0.096  H=0.02  acts[N:43% L:0% F:54% R:2% S:1%]  (5017s)
[PPO-DEBUG] N=1132  adv=[-5.000,+2.444] std=0.964  ret=[-7.2,+4.9] mean=-2.9  mask_legal_avg=3.02  old_lp=[-12.137±5.107]
[PPO-DEBUG] mb#1 grad_norm=5.75180  loss=+0.3954  p_loss=-0.0383  v_loss=+0.8679  ent=0.0122
[PPO-DEBUG] DONE  n_mb=20  KL=-0.051515  ratio=1.08812  head_max_dparam=0.011556  clip_frac=0.761
[Train[MAPPO]]   163/300 ( 54.3%)  agents:[ 3/ 5]  done= 66% [#################________]  reward=   -34  eps=  4%  KL=-0.052  H=0.01  acts[N:10% L:1% F:88% R:0% S:1%]  (5051s)
[PPO-DEBUG] N=369  adv=[-1.592,+5.000] std=0.950  ret=[-0.8,+5.3] mean=+2.0  mask_legal_avg=3.08  old_lp=[-7.731±5.307]
[PPO-DEBUG] mb#1 grad_norm=8.53600  loss=+0.7307  p_loss=+0.0424  v_loss=+1.3774  ent=0.0193
[PPO-DEBUG] DONE  n_mb=8  KL=+0.007787  ratio=1.01485  head_max_dparam=0.006045  clip_frac=0.478
[Train[MAPPO]]   164/300 ( 54.7%)  agents:[ 5/ 5]  done= 67% [#################________]  reward=   -32  eps=  4%  KL=+0.008  H=0.02  acts[N:21% L:3% F:75% R:0% S:2%]  (5060s)
[PPO-DEBUG] N=534  adv=[-2.843,+4.359] std=1.001  ret=[-1.1,+4.8] mean=+1.9  mask_legal_avg=3.13  old_lp=[-9.577±5.035]
[PPO-DEBUG] mb#1 grad_norm=10.67777  loss=+1.3929  p_loss=+0.0292  v_loss=+2.7281  ent=0.0172
[PPO-DEBUG] DONE  n_mb=12  KL=+0.185327  ratio=0.90003  head_max_dparam=0.015679  clip_frac=0.745
[Train[MAPPO]]   165/300 ( 55.0%)  agents:[ 5/ 5]  done= 69% [#################________]  reward=   -29  eps=  4%  KL=+0.185  H=0.02  acts[N:6% L:3% F:85% R:2% S:5%]  (5074s)
[PPO-DEBUG] N=659  adv=[-4.112,+5.000] std=0.988  ret=[+0.1,+4.7] mean=+1.4  mask_legal_avg=3.09  old_lp=[-7.333±6.725]
[PPO-DEBUG] mb#1 grad_norm=2.47719  loss=+0.2076  p_loss=+0.0611  v_loss=+0.2941  ent=0.0299
[PPO-DEBUG] DONE  n_mb=12  KL=+0.028076  ratio=0.98138  head_max_dparam=0.009202  clip_frac=0.431
[Train[MAPPO]]   166/300 ( 55.3%)  agents:[ 5/ 5]  done= 69% [#################________]  reward=   -30  eps=  4%  KL=+0.028  H=0.03  acts[N:35% L:1% F:58% R:1% S:5%]  (5090s)
[PPO-DEBUG] N=1535  adv=[-5.000,+5.000] std=0.988  ret=[-4.7,+4.9] mean=-1.3  mask_legal_avg=3.05  old_lp=[-6.660±6.132]
[PPO-DEBUG] mb#1 grad_norm=20.02495  loss=+0.4893  p_loss=-0.0064  v_loss=+0.9966  ent=0.1294
[PPO-DEBUG] DONE  n_mb=24  KL=+0.379889  ratio=0.81021  head_max_dparam=0.017940  clip_frac=0.659
[Train[MAPPO]]   167/300 ( 55.7%)  agents:[ 2/ 5]  done= 68% [#################________]  reward=   -30  eps=  4%  KL=+0.380  H=0.16  acts[N:6% L:0% F:67% R:0% S:26%]  (5129s)
[PPO-DEBUG] N=1419  adv=[-3.183,+4.205] std=1.000  ret=[-2.1,+4.4] mean=+0.1  mask_legal_avg=3.02  old_lp=[-7.048±7.199]
[PPO-DEBUG] mb#1 grad_norm=9.97793  loss=+0.4947  p_loss=+0.0149  v_loss=+0.9601  ent=0.0134
[PPO-DEBUG] DONE  n_mb=24  KL=-0.054481  ratio=1.09956  head_max_dparam=0.014625  clip_frac=0.483
[Train[MAPPO]]   168/300 ( 56.0%)  agents:[ 3/ 5]  done= 69% [#################________]  reward=   -29  eps=  4%  KL=-0.054  H=0.01  acts[N:14% L:0% F:54% R:0% S:32%]  (5168s)
[PPO-DEBUG] N=1116  adv=[-3.479,+3.835] std=1.000  ret=[-3.9,+4.4] mean=-0.8  mask_legal_avg=3.06  old_lp=[-9.119±6.297]
[PPO-DEBUG] mb#1 grad_norm=9.95659  loss=+0.3377  p_loss=-0.0276  v_loss=+0.7311  ent=0.0143
[PPO-DEBUG] DONE  n_mb=20  KL=+0.261032  ratio=0.84497  head_max_dparam=0.009449  clip_frac=0.675
[Train[MAPPO]]   169/300 ( 56.3%)  agents:[ 3/ 5]  done= 68% [#################________]  reward=   -30  eps=  4%  KL=+0.261  H=0.02  acts[N:19% L:1% F:76% R:0% S:5%]  (5203s)
[PPO-DEBUG] N=2058  adv=[-5.000,+5.000] std=0.967  ret=[-5.2,+4.6] mean=-2.2  mask_legal_avg=3.01  old_lp=[-11.560±6.807]
[PPO-DEBUG] mb#1 grad_norm=26.40576  loss=+0.3555  p_loss=-0.0052  v_loss=+0.7223  ent=0.0254
[PPO-DEBUG] DONE  n_mb=36  KL=-0.056961  ratio=1.66521  head_max_dparam=0.011873  clip_frac=0.728
[Train[MAPPO]]   170/300 ( 56.7%)  agents:[ 1/ 5]  done= 68% [#################________]  reward=   -31  eps=  4%  KL=-0.057  H=0.06  acts[N:7% L:0% F:84% R:0% S:8%]  (5258s)
[PPO-DEBUG] N=629  adv=[-3.074,+3.815] std=1.001  ret=[-0.8,+4.7] mean=+0.7  mask_legal_avg=3.12  old_lp=[-5.184±6.698]
[PPO-DEBUG] mb#1 grad_norm=9.47348  loss=+0.3624  p_loss=+0.0662  v_loss=+0.5944  ent=0.0522
[PPO-DEBUG] DONE  n_mb=12  KL=-0.095739  ratio=1.13657  head_max_dparam=0.010704  clip_frac=0.381
[Train[MAPPO]]   171/300 ( 57.0%)  agents:[ 5/ 5]  done= 68% [#################________]  reward=   -31  eps=  4%  KL=-0.096  H=0.05  acts[N:51% L:1% F:39% R:1% S:8%]  (5271s)
[PPO-DEBUG] N=1966  adv=[-5.000,+5.000] std=0.957  ret=[-4.4,+5.0] mean=-2.1  mask_legal_avg=3.00  old_lp=[-13.725±5.719]
[PPO-DEBUG] mb#1 grad_norm=7.87404  loss=+0.4513  p_loss=+0.0080  v_loss=+0.8868  ent=0.0032
[PPO-DEBUG] DONE  n_mb=32  KL=+0.329062  ratio=0.80812  head_max_dparam=0.014393  clip_frac=0.659
[Train[MAPPO]]   172/300 ( 57.3%)  agents:[ 1/ 5]  done= 68% [#################________]  reward=   -30  eps=  4%  KL=+0.329  H=0.00  acts[N:13% L:0% F:85% R:0% S:2%]  (5327s)
[PPO-DEBUG] N=1046  adv=[-5.000,+5.000] std=0.954  ret=[-3.7,+4.4] mean=-0.3  mask_legal_avg=3.22  old_lp=[-9.300±6.942]
[PPO-DEBUG] mb#1 grad_norm=4.26269  loss=+0.3868  p_loss=-0.0155  v_loss=+0.8055  ent=0.0245
[PPO-DEBUG] DONE  n_mb=20  KL=+0.022008  ratio=1.00218  head_max_dparam=0.011610  clip_frac=0.504
[Train[MAPPO]]   173/300 ( 57.7%)  agents:[ 5/ 5]  done= 68% [#################________]  reward=   -30  eps=  4%  KL=+0.022  H=0.02  acts[N:31% L:20% F:48% R:1% S:1%]  (5351s)
[PPO-DEBUG] N=1013  adv=[-5.000,+4.996] std=0.999  ret=[-1.8,+4.9] mean=-0.0  mask_legal_avg=3.35  old_lp=[-7.476±7.421]
[PPO-DEBUG] mb#1 grad_norm=2.69332  loss=+0.2702  p_loss=+0.0508  v_loss=+0.4423  ent=0.0869
[PPO-DEBUG] DONE  n_mb=16  KL=-0.013213  ratio=1.02068  head_max_dparam=0.007157  clip_frac=0.396
[Train[MAPPO]]   174/300 ( 58.0%)  agents:[ 5/ 5]  done= 68% [#################________]  reward=   -30  eps=  4%  KL=-0.013  H=0.10  acts[N:15% L:1% F:51% R:6% S:27%]  (5379s)
[PPO-DEBUG] N=1629  adv=[-5.000,+3.629] std=0.976  ret=[-5.7,+3.8] mean=-2.1  mask_legal_avg=3.04  old_lp=[-8.110±7.898]
[PPO-DEBUG] mb#1 grad_norm=6.33279  loss=+0.2900  p_loss=-0.0134  v_loss=+0.6076  ent=0.0231
[PPO-DEBUG] DONE  n_mb=28  KL=+0.181484  ratio=0.94941  head_max_dparam=0.010909  clip_frac=0.470
[Train[MAPPO]]   175/300 ( 58.3%)  agents:[ 2/ 5]  done= 67% [#################________]  reward=   -32  eps=  4%  KL=+0.181  H=0.02  acts[N:18% L:0% F:52% R:0% S:29%]  (5422s)
[PPO-DEBUG] N=2107  adv=[-5.000,+4.229] std=0.971  ret=[-6.0,+3.7] mean=-2.9  mask_legal_avg=3.01  old_lp=[-7.661±8.095]
[PPO-DEBUG] mb#1 grad_norm=4.53005  loss=+0.3071  p_loss=+0.0427  v_loss=+0.5290  ent=0.0090
[PPO-DEBUG] DONE  n_mb=36  KL=+0.076883  ratio=0.95557  head_max_dparam=0.011749  clip_frac=0.420
[Train[MAPPO]]   176/300 ( 58.7%)  agents:[ 1/ 5]  done= 65% [################_________]  reward=   -35  eps=  4%  KL=+0.077  H=0.01  acts[N:13% L:0% F:48% R:0% S:39%]  (5477s)
[PPO-DEBUG] N=535  adv=[-1.248,+3.422] std=1.001  ret=[-0.9,+4.9] mean=+0.5  mask_legal_avg=3.05  old_lp=[-5.454±6.496]
[PPO-DEBUG] mb#1 grad_norm=25.11838  loss=+0.5840  p_loss=-0.0513  v_loss=+1.2722  ent=0.0434
[PPO-DEBUG] DONE  n_mb=12  KL=-0.468974  ratio=2.64429  head_max_dparam=0.009660  clip_frac=0.467
[Train[MAPPO]]   177/300 ( 59.0%)  agents:[ 5/ 5]  done= 66% [#################________]  reward=   -33  eps=  4%  KL=-0.469  H=0.04  acts[N:52% L:2% F:43% R:1% S:2%]  (5489s)
[PPO-DEBUG] N=382  adv=[-2.408,+5.000] std=0.973  ret=[-0.6,+5.0] mean=+1.7  mask_legal_avg=3.11  old_lp=[-6.633±5.975]
[PPO-DEBUG] mb#1 grad_norm=9.75829  loss=+0.4153  p_loss=-0.0353  v_loss=+0.9021  ent=0.0214
[PPO-DEBUG] DONE  n_mb=8  KL=-0.021582  ratio=1.04302  head_max_dparam=0.009502  clip_frac=0.469
[Train[MAPPO]]   178/300 ( 59.3%)  agents:[ 5/ 5]  done= 67% [#################________]  reward=   -32  eps=  4%  KL=-0.022  H=0.03  acts[N:32% L:1% F:60% R:1% S:6%]  (5500s)
[PPO-DEBUG] N=460  adv=[-2.803,+5.000] std=1.000  ret=[-0.4,+5.1] mean=+1.8  mask_legal_avg=3.13  old_lp=[-7.058±6.123]
[PPO-DEBUG] mb#1 grad_norm=5.02173  loss=+0.2754  p_loss=+0.0112  v_loss=+0.5291  ent=0.0167
[PPO-DEBUG] DONE  n_mb=8  KL=+0.046569  ratio=0.97632  head_max_dparam=0.010206  clip_frac=0.443
[Train[MAPPO]]   179/300 ( 59.7%)  agents:[ 5/ 5]  done= 68% [#################________]  reward=   -29  eps=  4%  KL=+0.047  H=0.02  acts[N:31% L:1% F:60% R:2% S:6%]  (5511s)
[PPO-DEBUG] N=427  adv=[-2.413,+3.119] std=1.001  ret=[-0.1,+5.2] mean=+1.9  mask_legal_avg=3.07  old_lp=[-5.012±7.007]
[PPO-DEBUG] mb#1 grad_norm=2.98069  loss=+0.2796  p_loss=+0.0825  v_loss=+0.3958  ent=0.0378
[PPO-DEBUG] DONE  n_mb=8  KL=+0.016315  ratio=0.98910  head_max_dparam=0.007338  clip_frac=0.206
[ObsFnPerf] ep=180 interval=20 sample_every=8 get=4.718ms get_many=15.700ms local_search=3.847ms deadlock_profile=0.361ms base_features=0.000ms debug_overlay=0.000ms deadlock_calls_per_local_search=7.00
[ObsFnPerfBase] transitions=0.000ms successors=0.000ms priority=0.000ms flags=0.000ms sp_hint=0.000ms
[ObsFnPerfDetail] get_p50=2.866ms get_p95=7.942ms get_max=180.203ms get_many_p50=13.404ms get_many_p95=28.396ms get_many_max=199.727ms local_search_p50=3.738ms local_search_p95=7.062ms local_search_max=7.305ms
[ObsFnPerfLocalSearch] nodes_mean=7.00 nodes_p95=8.00 edges_mean=6.46 edges_p95=8.00 seen_agents_mean=0.13 ms_per_node=0.5496 handles_per_get_many=5.00
[ObsFnPerfGetMany] total_nodes_mean=18.79 total_nodes_p95=35.00 total_edges_mean=17.28 total_edges_p95=31.00
[Train[MAPPO]]   180/300 ( 60.0%)  agents:[ 5/ 5]  done= 70% [#################________]  reward=   -27  eps=  4%  KL=+0.016  H=0.04  acts[N:60% L:2% F:33% R:1% S:4%]  (5521s)
[PPO-DEBUG] N=1741  adv=[-5.000,+2.046] std=0.939  ret=[-6.8,+4.7] mean=-3.1  mask_legal_avg=3.02  old_lp=[-9.526±8.088]
[PPO-DEBUG] mb#1 grad_norm=7.99624  loss=+0.4525  p_loss=+0.0172  v_loss=+0.8759  ent=0.1289
[PPO-DEBUG] DONE  n_mb=28  KL=+0.052550  ratio=1.02064  head_max_dparam=0.025948  clip_frac=0.536
[Train[MAPPO]]   181/300 ( 60.3%)  agents:[ 2/ 5]  done= 70% [##################_______]  reward=   -27  eps=  4%  KL=+0.053  H=0.12  acts[N:14% L:0% F:65% R:0% S:21%]  (5561s)
[PPO-DEBUG] N=1154  adv=[-5.000,+3.712] std=0.934  ret=[-6.2,+4.9] mean=-3.1  mask_legal_avg=3.02  old_lp=[-12.954±5.163]
[PPO-DEBUG] mb#1 grad_norm=6.07071  loss=+0.2004  p_loss=-0.0675  v_loss=+0.5374  ent=0.0413
[PPO-DEBUG] DONE  n_mb=20  KL=+0.274409  ratio=0.89961  head_max_dparam=0.017349  clip_frac=0.781
[Train[MAPPO]]   182/300 ( 60.7%)  agents:[ 3/ 5]  done= 71% [##################_______]  reward=   -26  eps=  4%  KL=+0.274  H=0.02  acts[N:4% L:0% F:91% R:0% S:4%]  (5599s)
[PPO-DEBUG] N=1976  adv=[-5.000,+4.233] std=0.926  ret=[-7.0,+5.1] mean=-3.5  mask_legal_avg=3.04  old_lp=[-10.090±7.849]
[PPO-DEBUG] mb#1 grad_norm=5.25805  loss=+0.2871  p_loss=-0.0613  v_loss=+0.7021  ent=0.1341
[PPO-DEBUG] DONE  n_mb=32  KL=+0.081786  ratio=0.95706  head_max_dparam=0.023281  clip_frac=0.616
[Train[MAPPO]]   183/300 ( 61.0%)  agents:[ 1/ 5]  done= 70% [##################_______]  reward=   -27  eps=  4%  KL=+0.082  H=0.11  acts[N:9% L:0% F:71% R:0% S:20%]  (5658s)
[PPO-DEBUG] N=539  adv=[-2.764,+5.000] std=0.998  ret=[-1.4,+5.1] mean=+0.8  mask_legal_avg=3.24  old_lp=[-6.820±6.383]
[PPO-DEBUG] mb#1 grad_norm=6.63637  loss=+0.6159  p_loss=+0.0772  v_loss=+1.0777  ent=0.0087
[PPO-DEBUG] DONE  n_mb=12  KL=-0.061972  ratio=1.10362  head_max_dparam=0.012447  clip_frac=0.447
[Train[MAPPO]]   184/300 ( 61.3%)  agents:[ 5/ 5]  done= 70% [##################_______]  reward=   -27  eps=  4%  KL=-0.062  H=0.01  acts[N:19% L:1% F:59% R:1% S:21%]  (5672s)
[PPO-DEBUG] N=889  adv=[-3.639,+5.000] std=0.999  ret=[-1.2,+5.1] mean=+0.8  mask_legal_avg=3.49  old_lp=[-4.489±5.997]
[PPO-DEBUG] mb#1 grad_norm=8.81607  loss=+0.6835  p_loss=+0.0555  v_loss=+1.2571  ent=0.0233
[PPO-DEBUG] DONE  n_mb=16  KL=+0.054476  ratio=1.02048  head_max_dparam=0.019509  clip_frac=0.317
[Train[MAPPO]]   185/300 ( 61.7%)  agents:[ 5/ 5]  done= 72% [##################_______]  reward=   -25  eps=  4%  KL=+0.054  H=0.02  acts[N:17% L:1% F:37% R:1% S:44%]  (5695s)
[PPO-DEBUG] N=836  adv=[-4.402,+5.000] std=1.000  ret=[-1.8,+5.2] mean=+0.9  mask_legal_avg=3.22  old_lp=[-6.216±5.879]
[PPO-DEBUG] mb#1 grad_norm=2.45686  loss=+0.2133  p_loss=-0.0924  v_loss=+0.6125  ent=0.0263
[PPO-DEBUG] DONE  n_mb=16  KL=-0.005035  ratio=1.01478  head_max_dparam=0.017564  clip_frac=0.421
[Train[MAPPO]]   186/300 ( 62.0%)  agents:[ 4/ 5]  done= 71% [##################_______]  reward=   -25  eps=  4%  KL=-0.005  H=0.03  acts[N:24% L:1% F:56% R:1% S:18%]  (5719s)
[PPO-DEBUG] N=1044  adv=[-5.000,+4.203] std=0.996  ret=[-0.0,+4.6] mean=+0.9  mask_legal_avg=3.10  old_lp=[-6.669±5.862]
[PPO-DEBUG] mb#1 grad_norm=2.80862  loss=+0.1080  p_loss=-0.0054  v_loss=+0.2278  ent=0.0261
[PPO-DEBUG] DONE  n_mb=20  KL=-0.016890  ratio=1.02477  head_max_dparam=0.018631  clip_frac=0.394
[Train[MAPPO]]   187/300 ( 62.3%)  agents:[ 5/ 5]  done= 71% [##################_______]  reward=   -25  eps=  4%  KL=-0.017  H=0.03  acts[N:27% L:0% F:62% R:0% S:10%]  (5747s)
[PPO-DEBUG] N=1178  adv=[-5.000,+4.984] std=0.996  ret=[-5.6,+4.1] mean=-1.7  mask_legal_avg=3.06  old_lp=[-9.075±5.128]
[PPO-DEBUG] mb#1 grad_norm=10.07697  loss=+0.2998  p_loss=-0.0973  v_loss=+0.7951  ent=0.0222
[PPO-DEBUG] DONE  n_mb=20  KL=+0.160437  ratio=0.90036  head_max_dparam=0.017940  clip_frac=0.722
[Train[MAPPO]]   188/300 ( 62.7%)  agents:[ 3/ 5]  done= 70% [##################_______]  reward=   -27  eps=  4%  KL=+0.160  H=0.02  acts[N:5% L:1% F:85% R:0% S:10%]  (5786s)
[PPO-DEBUG] N=1633  adv=[-5.000,+5.000] std=0.982  ret=[-5.4,+4.7] mean=-2.5  mask_legal_avg=3.03  old_lp=[-12.913±5.653]
[PPO-DEBUG] mb#1 grad_norm=8.35868  loss=+0.3568  p_loss=-0.0054  v_loss=+0.7245  ent=0.0073
[PPO-DEBUG] DONE  n_mb=28  KL=+0.027479  ratio=0.99845  head_max_dparam=0.028864  clip_frac=0.788
[Train[MAPPO]]   189/300 ( 63.0%)  agents:[ 2/ 5]  done= 69% [#################________]  reward=   -29  eps=  3%  KL=+0.027  H=0.01  acts[N:3% L:0% F:93% R:0% S:3%]  (5830s)
[PPO-DEBUG] N=1765  adv=[-5.000,+5.000] std=0.965  ret=[-6.6,+5.2] mean=-3.4  mask_legal_avg=3.10  old_lp=[-9.412±8.181]
[PPO-DEBUG] mb#1 grad_norm=3.96721  loss=+0.1116  p_loss=-0.0689  v_loss=+0.3667  ent=0.1431
[PPO-DEBUG] DONE  n_mb=28  KL=+0.032331  ratio=0.99113  head_max_dparam=0.018718  clip_frac=0.623
[Train[MAPPO]]   190/300 ( 63.3%)  agents:[ 2/ 5]  done= 68% [#################________]  reward=   -31  eps=  3%  KL=+0.032  H=0.14  acts[N:5% L:0% F:67% R:0% S:28%]  (5880s)
[PPO-DEBUG] N=299  adv=[-1.629,+5.000] std=1.000  ret=[-0.6,+5.4] mean=+1.7  mask_legal_avg=3.08  old_lp=[-8.483±6.422]
[PPO-DEBUG] mb#1 grad_norm=21.43441  loss=+1.2149  p_loss=-0.0146  v_loss=+2.4606  ent=0.0387
[PPO-DEBUG] DONE  n_mb=8  KL=-0.075980  ratio=1.11734  head_max_dparam=0.008473  clip_frac=0.557
[Train[MAPPO]]   191/300 ( 63.7%)  agents:[ 5/ 5]  done= 70% [#################________]  reward=   -28  eps=  3%  KL=-0.076  H=0.04  acts[N:23% L:3% F:70% R:1% S:2%]  (5887s)
[PPO-DEBUG] N=422  adv=[-2.887,+2.839] std=1.001  ret=[-0.7,+5.0] mean=+1.7  mask_legal_avg=3.06  old_lp=[-7.197±7.275]
[PPO-DEBUG] mb#1 grad_norm=6.02226  loss=+0.3066  p_loss=+0.0572  v_loss=+0.5003  ent=0.0391
[PPO-DEBUG] DONE  n_mb=8  KL=+0.045481  ratio=0.97793  head_max_dparam=0.008247  clip_frac=0.386
[Train[MAPPO]]   192/300 ( 64.0%)  agents:[ 5/ 5]  done= 70% [##################_______]  reward=   -27  eps=  3%  KL=+0.045  H=0.04  acts[N:18% L:1% F:52% R:1% S:28%]  (5896s)
[PPO-DEBUG] N=1975  adv=[-5.000,+3.513] std=0.823  ret=[-6.6,+4.6] mean=-3.2  mask_legal_avg=3.04  old_lp=[-7.316±8.099]
[PPO-DEBUG] mb#1 grad_norm=7.36952  loss=+0.2665  p_loss=-0.0660  v_loss=+0.6687  ent=0.0936
[PPO-DEBUG] DONE  n_mb=32  KL=+0.038469  ratio=1.08813  head_max_dparam=0.016849  clip_frac=0.466
[Train[MAPPO]]   193/300 ( 64.3%)  agents:[ 1/ 5]  done= 70% [##################_______]  reward=   -26  eps=  3%  KL=+0.038  H=0.11  acts[N:7% L:0% F:60% R:0% S:33%]  (5954s)
[PPO-DEBUG] N=2011  adv=[-5.000,+5.000] std=0.921  ret=[-6.7,+4.9] mean=-3.8  mask_legal_avg=3.01  old_lp=[-12.210±7.722]
[PPO-DEBUG] mb#1 grad_norm=4.85350  loss=+0.3595  p_loss=+0.0890  v_loss=+0.5441  ent=0.0766
[PPO-DEBUG] DONE  n_mb=32  KL=-0.000299  ratio=1.03643  head_max_dparam=0.019866  clip_frac=0.746
[Train[MAPPO]]   194/300 ( 64.7%)  agents:[ 1/ 5]  done= 69% [#################________]  reward=   -29  eps=  3%  KL=-0.000  H=0.06  acts[N:5% L:0% F:92% R:0% S:3%]  (6012s)
[PPO-DEBUG] N=1784  adv=[-4.835,+5.000] std=0.985  ret=[-6.0,+3.9] mean=-2.0  mask_legal_avg=3.33  old_lp=[-9.362±8.082]
[PPO-DEBUG] mb#1 grad_norm=7.02060  loss=+0.0773  p_loss=-0.0660  v_loss=+0.2870  ent=0.0068
[PPO-DEBUG] DONE  n_mb=28  KL=-0.032143  ratio=1.05647  head_max_dparam=0.012714  clip_frac=0.382
[Train[MAPPO]]   195/300 ( 65.0%)  agents:[ 2/ 5]  done= 69% [#################________]  reward=   -27  eps=  3%  KL=-0.032  H=0.01  acts[N:6% L:0% F:59% R:1% S:35%]  (6062s)
[PPO-DEBUG] N=1352  adv=[-5.000,+3.800] std=1.000  ret=[-6.2,+5.1] mean=-2.2  mask_legal_avg=3.23  old_lp=[-9.317±7.612]
[PPO-DEBUG] mb#1 grad_norm=7.71410  loss=+0.4105  p_loss=+0.0670  v_loss=+0.6883  ent=0.0306
[PPO-DEBUG] DONE  n_mb=24  KL=+0.130580  ratio=0.94913  head_max_dparam=0.016048  clip_frac=0.503
[Train[MAPPO]]   196/300 ( 65.3%)  agents:[ 3/ 5]  done= 69% [#################________]  reward=   -27  eps=  3%  KL=+0.131  H=0.03  acts[N:8% L:1% F:69% R:1% S:21%]  (6101s)
[PPO-DEBUG] N=1502  adv=[-5.000,+5.000] std=0.999  ret=[-5.9,+4.3] mean=-2.3  mask_legal_avg=3.03  old_lp=[-11.208±6.390]
[PPO-DEBUG] mb#1 grad_norm=7.98590  loss=+0.3980  p_loss=+0.0139  v_loss=+0.7690  ent=0.0166
[PPO-DEBUG] DONE  n_mb=24  KL=-0.011555  ratio=1.12252  head_max_dparam=0.014468  clip_frac=0.677
[Train[MAPPO]]   197/300 ( 65.7%)  agents:[ 3/ 5]  done= 69% [#################________]  reward=   -27  eps=  3%  KL=-0.012  H=0.01  acts[N:14% L:0% F:83% R:0% S:2%]  (6141s)
[PPO-DEBUG] N=1550  adv=[-5.000,+5.000] std=0.936  ret=[-7.1,+5.0] mean=-4.4  mask_legal_avg=3.01  old_lp=[-9.368±7.599]
[PPO-DEBUG] mb#1 grad_norm=4.77549  loss=+0.4138  p_loss=+0.0133  v_loss=+0.8048  ent=0.0960
[PPO-DEBUG] DONE  n_mb=28  KL=+0.053069  ratio=1.08969  head_max_dparam=0.013778  clip_frac=0.644
[Train[MAPPO]]   198/300 ( 66.0%)  agents:[ 2/ 5]  done= 68% [#################________]  reward=   -29  eps=  3%  KL=+0.053  H=0.12  acts[N:9% L:0% F:85% R:0% S:5%]  (6186s)
[PPO-DEBUG] N=2001  adv=[-5.000,+5.000] std=0.963  ret=[-7.4,+4.9] mean=-4.4  mask_legal_avg=3.08  old_lp=[-2.377±4.342]
[PPO-DEBUG] mb#1 grad_norm=15.84553  loss=+0.0824  p_loss=-0.0707  v_loss=+0.3082  ent=0.0493
[PPO-DEBUG] DONE  n_mb=32  KL=+1.768587  ratio=3.20652  head_max_dparam=0.018959  clip_frac=0.296
[Train[MAPPO]]   199/300 ( 66.3%)  agents:[ 1/ 5]  done= 66% [#################________]  reward=   -31  eps=  3%  KL=+1.769  H=0.03  acts[N:12% L:0% F:12% R:0% S:76%]  (6242s)
[PPO-DEBUG] N=2425  adv=[-5.000,+4.543] std=0.944  ret=[-7.5,-1.0] mean=-4.4  mask_legal_avg=3.03  old_lp=[-8.744±8.189]
[PPO-DEBUG] mb#1 grad_norm=4.56627  loss=+0.0914  p_loss=-0.0472  v_loss=+0.2786  ent=0.0341
[PPO-DEBUG] DONE  n_mb=40  KL=+0.022372  ratio=1.11902  head_max_dparam=0.014114  clip_frac=0.479
[ObsFnPerf] ep=200 interval=20 sample_every=8 get=5.236ms get_many=26.351ms local_search=4.258ms deadlock_profile=0.312ms base_features=0.000ms debug_overlay=0.000ms deadlock_calls_per_local_search=7.72
[ObsFnPerfBase] transitions=0.000ms successors=0.000ms priority=0.000ms flags=0.000ms sp_hint=0.000ms
[ObsFnPerfDetail] get_p50=4.880ms get_p95=8.119ms get_max=17.599ms get_many_p50=25.436ms get_many_p95=32.572ms get_many_max=265.748ms local_search_p50=3.886ms local_search_p95=6.777ms local_search_max=14.325ms
[ObsFnPerfLocalSearch] nodes_mean=7.72 nodes_p95=8.00 edges_mean=7.93 edges_p95=9.00 seen_agents_mean=1.37 ms_per_node=0.5516 handles_per_get_many=5.00
[ObsFnPerfGetMany] total_nodes_mean=37.38 total_nodes_p95=39.00 total_edges_mean=38.44 total_edges_p95=42.00
[Train[MAPPO]]   200/300 ( 66.7%)  agents:[ 0/ 5]  done= 65% [################_________]  reward=   -34  eps=  3%  KL=+0.022  H=0.05  acts[N:24% L:0% F:55% R:0% S:21%]  (6307s)

[Train] Mid-training eval at episode 200 ...
>> Environment:Flatland:RailEnv
[Env] Using 324 cached environments at /home/u216993/workspace/ai4realnet/aiAdrian_flatland/flatland_solver_policy/example/flatland_rail_env/generated_envs/simple_marl
Load environments from disk. #  324  loaded.
[reward] Using OutcomeBasedReward (step=-1, deadlock=-5, done=+50+saved, all_done=+100, fail=-200, scale=0.01)

[Eval] MAPPOPolicy  x  10 episodes
------------------------------------------------------------
[Eval[MAPPOPolicy]] starting (10 iterations)
>> DeadLockAvoidancePolicy
[Eval[MAPPOPolicy]]     1/10 ( 10.0%)  agents:[ 2/ 5]  done= 40% [##########_______________]  deadlock=  0%  steps= 499  reward=   -11.6  (15s)
[Eval[MAPPOPolicy]]     2/10 ( 20.0%)  agents:[ 3/ 5]  done= 50% [############_____________]  deadlock=  0%  steps= 499  reward=    -6.1  (27s)
[Eval[MAPPOPolicy]]     3/10 ( 30.0%)  agents:[ 3/ 5]  done= 53% [#############____________]  deadlock=  0%  steps= 499  reward=    -4.7  (37s)
[Eval[MAPPOPolicy]]     4/10 ( 40.0%)  agents:[ 0/ 5]  done= 40% [##########_______________]  deadlock=  0%  steps= 499  reward=   -10.1  (60s)
[Eval[MAPPOPolicy]]     5/10 ( 50.0%)  agents:[ 1/ 5]  done= 36% [#########________________]  deadlock= 12%  steps= 499  reward=   -24.1  (77s)
[Eval[MAPPOPolicy]]     6/10 ( 60.0%)  agents:[ 1/ 5]  done= 33% [########_________________]  deadlock= 13%  steps= 499  reward=   -27.1  (96s)
[Eval[MAPPOPolicy]]     7/10 ( 70.0%)  agents:[ 3/ 5]  done= 37% [#########________________]  deadlock= 11%  steps= 499  reward=   -23.5  (108s)
[Eval[MAPPOPolicy]]     8/10 ( 80.0%)  agents:[ 1/ 5]  done= 35% [#########________________]  deadlock= 10%  steps= 499  reward=   -23.2  (127s)
[Eval[MAPPOPolicy]]     9/10 ( 90.0%)  agents:[ 2/ 5]  done= 36% [#########________________]  deadlock= 13%  steps= 499  reward=   -26.1  (142s)
[Eval[MAPPOPolicy]]    10/10 (100.0%)  agents:[ 1/ 5]  done= 34% [########_________________]  deadlock= 18%  steps= 499  reward=   -32.3  (159s)
------------------------------------------------------------
[Eval]  MAPPOPolicy  RESULT  (158.7s)
  done_rate     = 0.340  (+/-0.201)
  deadlock_rate = 0.180
  episode_len   = 499.0
  total_reward  = -32.30

[Save] /home/u216993/workspace/ai4realnet/aiAdrian_flatland/flatland_solver_policy/example/flatland_rail_env/mappo_checkpoint_conflict_aware.pt
[PPO-DEBUG] N=2029  adv=[-5.000,+5.000] std=0.898  ret=[-7.7,+4.0] mean=-5.0  mask_legal_avg=3.03  old_lp=[-10.846±8.460]
[PPO-DEBUG] mb#1 grad_norm=2.71242  loss=+0.2971  p_loss=+0.1258  v_loss=+0.3462  ent=0.0932
[PPO-DEBUG] DONE  n_mb=32  KL=+0.015514  ratio=1.00068  head_max_dparam=0.021131  clip_frac=0.450

========================================================================
  [DecisionPointObs] BASE FEATURE REPORT  (n=100 episodes, ep=200)
========================================================================
   #  Feature                   min    max    mean    std          trend  note
  --------------------------------------------------------------------
   0  path_left               0.000  0.000  0.0000 0.0000   ↔ flat/noisy  
   1  path_forward            0.000  1.000  0.8000 0.4000   ↔ flat/noisy  
   2  path_right              0.000  1.000  0.2000 0.4000   ↔ flat/noisy  
   3  delta_left             -1.000 -1.000 -1.0000 0.0000   ↔ flat/noisy  
   4  delta_forward          -1.000  0.000 -0.2000 0.4000   ↔ flat/noisy  
   5  delta_right            -1.000  0.000 -0.8000 0.4000   ↔ flat/noisy  
   6  st_3                    0.000  0.000  0.0000 0.0000   ↔ flat/noisy  🟡 ready_to_depart 0% of steps
   7  priority_rank           0.051  0.835  0.3949 0.2756   ↔ flat/noisy  🟡 no clear progress trend
   8  is_pre_merge            1.000  1.000  1.0000 0.0000   ↔ flat/noisy  pre-merge 100% of steps
   9  is_switch               0.000  0.000  0.0000 0.0000   ↔ flat/noisy  at switch 0% of steps
  10  sp_left                 0.000  0.000  0.0000 0.0000   ↔ flat/noisy  used 0% of steps
  11  sp_forward              0.000  1.000  0.8000 0.4000   ↔ flat/noisy  used 80% of steps
  12  sp_right                0.000  1.000  0.2000 0.4000   ↔ flat/noisy  used 20% of steps
  13  deadlock_risk           0.128  0.310  0.2103 0.0733   ↔ flat/noisy  mean risk=0.210
  14  deadlock_distance_norm  0.000  0.929  0.7143 0.3586   ↔ flat/noisy  near-deadlock 80% of steps
  15  steps_to_next_switch_norm  0.250  0.750  0.4500 0.2031   ↔ flat/noisy  mean prox=0.450
  16  sp_improves_norm        0.000  0.000  0.0000 0.0000   ↔ flat/noisy  mean gain=0.000
  17  last_action_left        0.000  0.000  0.0000 0.0000   ↔ flat/noisy  left 0% of steps
  18  last_action_forward     0.000  0.000  0.0000 0.0000   ↔ flat/noisy  forward 0% of steps
  19  last_action_right       0.000  0.000  0.0000 0.0000   ↔ flat/noisy  right 0% of steps
  20  last_action_stop        0.000  1.000  0.8000 0.4000   ↔ flat/noisy  stop 80% of steps
  21  action_matches_sp       0.500  0.500  0.5000 0.0000   ↔ flat/noisy  follow 0% / yield 100% / off 0%
  22  spawn_active_density    0.800  0.800  0.8000 0.0000   ↔ flat/noisy  
  23  spawn_pending_density   0.000  0.000  0.0000 0.0000   ↔ flat/noisy  
  24  spawn_is_ready          0.000  0.000  0.0000 0.0000   ↔ flat/noisy  
  25  global_conflict_pressure  0.100  0.100  0.1000 0.0000   ↔ flat/noisy  
  26  my_priority_global      0.000  1.000  0.4000 0.3887   ↔ flat/noisy  
  27  my_sp_blocked_score     0.000  0.200  0.1600 0.0800   ↔ flat/noisy  
  28  sp_alternatives_avg_score  0.000  0.000  0.0000 0.0000   ↔ flat/noisy  
  29  expected_yield_count    0.000  1.000  0.4000 0.3887   ↔ flat/noisy  
  30  vertex_conflict_left    0.000  0.000  0.0000 0.0000   ↔ flat/noisy  
  31  edge_conflict_left      0.000  0.000  0.0000 0.0000   ↔ flat/noisy  
  32  lane_density_left       0.000  0.000  0.0000 0.0000   ↔ flat/noisy  
  33  vertex_conflict_forward  0.000  1.000  0.6000 0.4899   ↔ flat/noisy  
  34  edge_conflict_forward   0.000  1.000  0.4000 0.4899   ↔ flat/noisy  
  35  lane_density_forward    0.000  1.000  0.4667 0.4000   ↔ flat/noisy  
  36  vertex_conflict_right   0.000  1.000  0.2000 0.4000   ↔ flat/noisy  
  37  edge_conflict_right     0.000  0.000  0.0000 0.0000   ↔ flat/noisy  
  38  lane_density_right      0.000  1.000  0.2000 0.4000   ↔ flat/noisy  

  priority_rank half-half: first=0.3949 → second=0.3949  Δ=+0.0000 ↔

  Tree: nodes=6.4±3.2 [0,8]   edges=6.0±3.0 [0,8]
========================================================================
[Train[MAPPO]]   201/300 ( 67.0%)  agents:[ 1/ 5]  done= 65% [################_________]  reward=   -33  eps=  3%  KL=+0.016  H=0.10  acts[N:7% L:0% F:64% R:0% S:28%]  (6518s)
[PPO-DEBUG] N=752  adv=[-3.799,+3.466] std=1.001  ret=[-3.6,+4.8] mean=-1.6  mask_legal_avg=3.14  old_lp=[-10.812±7.121]
[PPO-DEBUG] mb#1 grad_norm=24.97887  loss=+1.4767  p_loss=-0.0887  v_loss=+3.1315  ent=0.0180
[PPO-DEBUG] DONE  n_mb=12  KL=+0.092942  ratio=0.97589  head_max_dparam=0.010486  clip_frac=0.555
[Train[MAPPO]]   202/300 ( 67.3%)  agents:[ 5/ 5]  done= 66% [################_________]  reward=   -32  eps=  3%  KL=+0.093  H=0.02  acts[N:18% L:4% F:71% R:2% S:5%]  (6538s)
[PPO-DEBUG] N=2024  adv=[-5.000,+5.000] std=0.905  ret=[-7.7,+3.8] mean=-4.3  mask_legal_avg=3.01  old_lp=[-8.629±7.747]
[PPO-DEBUG] mb#1 grad_norm=10.81214  loss=+0.4457  p_loss=+0.1267  v_loss=+0.6406  ent=0.0646
[PPO-DEBUG] DONE  n_mb=32  KL=+0.102150  ratio=0.92103  head_max_dparam=0.024207  clip_frac=0.542
[Train[MAPPO]]   203/300 ( 67.7%)  agents:[ 1/ 5]  done= 64% [################_________]  reward=   -34  eps=  3%  KL=+0.102  H=0.08  acts[N:19% L:0% F:65% R:0% S:16%]  (6596s)
[PPO-DEBUG] N=1637  adv=[-4.004,+5.000] std=0.967  ret=[-7.9,+4.8] mean=-4.7  mask_legal_avg=3.04  old_lp=[-10.401±7.762]
[PPO-DEBUG] mb#1 grad_norm=4.68667  loss=+0.2895  p_loss=-0.0621  v_loss=+0.7037  ent=0.0184
[PPO-DEBUG] DONE  n_mb=28  KL=+0.204001  ratio=0.86546  head_max_dparam=0.017544  clip_frac=0.545
[Train[MAPPO]]   204/300 ( 68.0%)  agents:[ 2/ 5]  done= 64% [################_________]  reward=   -35  eps=  3%  KL=+0.204  H=0.02  acts[N:8% L:1% F:65% R:0% S:25%]  (6645s)
[PPO-DEBUG] N=589  adv=[-3.484,+4.540] std=1.001  ret=[-2.1,+4.9] mean=-0.4  mask_legal_avg=3.19  old_lp=[-8.255±8.174]
[PPO-DEBUG] mb#1 grad_norm=29.38710  loss=+0.9485  p_loss=-0.0436  v_loss=+1.9848  ent=0.0159
[PPO-DEBUG] DONE  n_mb=12  KL=-0.250495  ratio=1.41363  head_max_dparam=0.010556  clip_frac=0.481
[Train[MAPPO]]   205/300 ( 68.3%)  agents:[ 5/ 5]  done= 64% [################_________]  reward=   -34  eps=  3%  KL=-0.250  H=0.02  acts[N:34% L:3% F:49% R:1% S:14%]  (6659s)
[PPO-DEBUG] N=905  adv=[-5.000,+4.424] std=0.983  ret=[-2.5,+4.4] mean=-0.7  mask_legal_avg=3.06  old_lp=[-9.228±7.460]
[PPO-DEBUG] mb#1 grad_norm=16.06689  loss=+0.3912  p_loss=-0.0363  v_loss=+0.8556  ent=0.0127
[PPO-DEBUG] DONE  n_mb=16  KL=-0.054538  ratio=1.08782  head_max_dparam=0.013612  clip_frac=0.481
[Train[MAPPO]]   206/300 ( 68.7%)  agents:[ 5/ 5]  done= 64% [################_________]  reward=   -34  eps=  3%  KL=-0.055  H=0.01  acts[N:34% L:1% F:62% R:1% S:2%]  (6681s)
[PPO-DEBUG] N=1030  adv=[-4.571,+5.000] std=0.991  ret=[-1.7,+4.9] mean=-0.4  mask_legal_avg=3.08  old_lp=[-12.206±5.421]
[PPO-DEBUG] mb#1 grad_norm=6.97638  loss=+0.3118  p_loss=-0.1103  v_loss=+0.8443  ent=0.0031
[PPO-DEBUG] DONE  n_mb=16  KL=-0.056502  ratio=1.07157  head_max_dparam=0.015971  clip_frac=0.593
[Train[MAPPO]]   207/300 ( 69.0%)  agents:[ 4/ 5]  done= 65% [################_________]  reward=   -33  eps=  3%  KL=-0.057  H=0.00  acts[N:10% L:2% F:86% R:1% S:1%]  (6713s)
[PPO-DEBUG] N=840  adv=[-3.457,+4.250] std=1.001  ret=[-2.1,+4.5] mean=-0.3  mask_legal_avg=3.09  old_lp=[-10.076±6.566]
[PPO-DEBUG] mb#1 grad_norm=7.80124  loss=+0.2361  p_loss=-0.1124  v_loss=+0.6973  ent=0.0086
[PPO-DEBUG] DONE  n_mb=16  KL=-0.034268  ratio=1.10868  head_max_dparam=0.016920  clip_frac=0.597
[Train[MAPPO]]   208/300 ( 69.3%)  agents:[ 4/ 5]  done= 65% [################_________]  reward=   -32  eps=  3%  KL=-0.034  H=0.02  acts[N:22% L:1% F:73% R:1% S:4%]  (6738s)
[PPO-DEBUG] N=496  adv=[-2.813,+4.842] std=1.001  ret=[-1.1,+5.1] mean=+0.7  mask_legal_avg=3.09  old_lp=[-9.153±7.204]
[PPO-DEBUG] mb#1 grad_norm=9.64408  loss=+0.6332  p_loss=+0.0676  v_loss=+1.1321  ent=0.0217
[PPO-DEBUG] DONE  n_mb=8  KL=-0.010878  ratio=1.03217  head_max_dparam=0.011619  clip_frac=0.361
[Train[MAPPO]]   209/300 ( 69.7%)  agents:[ 5/ 5]  done= 66% [#################________]  reward=   -30  eps=  3%  KL=-0.011  H=0.03  acts[N:32% L:3% F:62% R:1% S:3%]  (6750s)
[PPO-DEBUG] N=1654  adv=[-5.000,+4.506] std=0.941  ret=[-7.2,+4.8] mean=-3.4  mask_legal_avg=3.03  old_lp=[-9.065±9.167]
[PPO-DEBUG] mb#1 grad_norm=6.71393  loss=+0.3275  p_loss=+0.0429  v_loss=+0.5695  ent=0.0082
[PPO-DEBUG] DONE  n_mb=28  KL=+0.100964  ratio=0.94053  head_max_dparam=0.018172  clip_frac=0.366
[Train[MAPPO]]   210/300 ( 70.0%)  agents:[ 2/ 5]  done= 65% [################_________]  reward=   -32  eps=  3%  KL=+0.101  H=0.01  acts[N:14% L:0% F:49% R:0% S:37%]  (6794s)
[PPO-DEBUG] N=1647  adv=[-5.000,+4.677] std=0.956  ret=[-7.7,+4.0] mean=-4.3  mask_legal_avg=3.01  old_lp=[-6.633±8.472]
[PPO-DEBUG] mb#1 grad_norm=7.43236  loss=+0.1369  p_loss=-0.0758  v_loss=+0.4343  ent=0.2245
[PPO-DEBUG] DONE  n_mb=28  KL=-0.072859  ratio=3.87530  head_max_dparam=0.035512  clip_frac=0.526
[Train[MAPPO]]   211/300 ( 70.3%)  agents:[ 2/ 5]  done= 65% [################_________]  reward=   -33  eps=  3%  KL=-0.073  H=0.20  acts[N:11% L:0% F:59% R:0% S:30%]  (6829s)
[PPO-DEBUG] N=1025  adv=[-5.000,+3.190] std=0.985  ret=[-2.3,+4.3] mean=-0.1  mask_legal_avg=3.15  old_lp=[-3.982±6.928]
[PPO-DEBUG] mb#1 grad_norm=5.50761  loss=+0.2280  p_loss=+0.0304  v_loss=+0.3958  ent=0.0134
[PPO-DEBUG] DONE  n_mb=16  KL=-0.034745  ratio=1.05616  head_max_dparam=0.013659  clip_frac=0.195
[Train[MAPPO]]   212/300 ( 70.7%)  agents:[ 4/ 5]  done= 64% [################_________]  reward=   -33  eps=  3%  KL=-0.035  H=0.01  acts[N:60% L:1% F:25% R:1% S:13%]  (6859s)
[PPO-DEBUG] N=1641  adv=[-5.000,+3.673] std=0.944  ret=[-7.5,+4.6] mean=-4.4  mask_legal_avg=3.01  old_lp=[-8.232±8.006]
[PPO-DEBUG] mb#1 grad_norm=3.98139  loss=+0.2221  p_loss=-0.0241  v_loss=+0.4935  ent=0.0291
[PPO-DEBUG] DONE  n_mb=28  KL=-0.074166  ratio=1.34901  head_max_dparam=0.024139  clip_frac=0.439
[Train[MAPPO]]   213/300 ( 71.0%)  agents:[ 2/ 5]  done= 64% [################_________]  reward=   -34  eps=  3%  KL=-0.074  H=0.04  acts[N:9% L:0% F:62% R:0% S:28%]  (6900s)
[PPO-DEBUG] N=1804  adv=[-4.213,+5.000] std=0.923  ret=[-7.7,+4.7] mean=-3.8  mask_legal_avg=3.08  old_lp=[-10.087±8.420]
[PPO-DEBUG] mb#1 grad_norm=5.62962  loss=+0.2767  p_loss=+0.0164  v_loss=+0.5219  ent=0.0349
[PPO-DEBUG] DONE  n_mb=32  KL=+0.082631  ratio=1.55043  head_max_dparam=0.035850  clip_frac=0.499
[Train[MAPPO]]   214/300 ( 71.3%)  agents:[ 2/ 5]  done= 63% [################_________]  reward=   -36  eps=  3%  KL=+0.083  H=0.03  acts[N:20% L:1% F:68% R:0% S:10%]  (6947s)
[PPO-DEBUG] N=1436  adv=[-4.452,+5.000] std=0.985  ret=[-6.7,+4.9] mean=-2.8  mask_legal_avg=3.01  old_lp=[-6.894±8.907]
[PPO-DEBUG] mb#1 grad_norm=5.81575  loss=+0.3556  p_loss=+0.0182  v_loss=+0.6749  ent=0.0057
[PPO-DEBUG] DONE  n_mb=24  KL=+0.027340  ratio=1.03320  head_max_dparam=0.018857  clip_frac=0.327
[Train[MAPPO]]   215/300 ( 71.7%)  agents:[ 3/ 5]  done= 62% [################_________]  reward=   -37  eps=  3%  KL=+0.027  H=0.01  acts[N:35% L:0% F:38% R:0% S:26%]  (6986s)
[PPO-DEBUG] N=672  adv=[-5.000,+3.560] std=0.998  ret=[-2.9,+4.9] mean=-0.2  mask_legal_avg=3.07  old_lp=[-8.804±8.023]
[PPO-DEBUG] mb#1 grad_norm=21.01331  loss=+0.7008  p_loss=-0.0010  v_loss=+1.4038  ent=0.0073
[PPO-DEBUG] DONE  n_mb=12  KL=-0.087025  ratio=1.13134  head_max_dparam=0.012594  clip_frac=0.454
[Train[MAPPO]]   216/300 ( 72.0%)  agents:[ 5/ 5]  done= 62% [################_________]  reward=   -37  eps=  3%  KL=-0.087  H=0.01  acts[N:31% L:2% F:55% R:1% S:11%]  (7003s)
[PPO-DEBUG] N=431  adv=[-1.455,+3.585] std=1.001  ret=[-2.1,+5.0] mean=-0.1  mask_legal_avg=3.07  old_lp=[-8.022±7.842]
[PPO-DEBUG] mb#1 grad_norm=18.58839  loss=+0.8491  p_loss=+0.0128  v_loss=+1.6737  ent=0.0228
[PPO-DEBUG] DONE  n_mb=8  KL=-0.211407  ratio=1.36629  head_max_dparam=0.007664  clip_frac=0.428
[Train[MAPPO]]   217/300 ( 72.3%)  agents:[ 5/ 5]  done= 63% [################_________]  reward=   -35  eps=  3%  KL=-0.211  H=0.02  acts[N:42% L:1% F:53% R:2% S:2%]  (7017s)
[PPO-DEBUG] N=1290  adv=[-5.000,+5.000] std=0.966  ret=[-3.3,+4.2] mean=+0.1  mask_legal_avg=3.14  old_lp=[-5.890±7.374]
[PPO-DEBUG] mb#1 grad_norm=6.46432  loss=+0.2754  p_loss=+0.0573  v_loss=+0.4364  ent=0.0053
[PPO-DEBUG] DONE  n_mb=24  KL=+0.042778  ratio=1.59376  head_max_dparam=0.017101  clip_frac=0.387
[Train[MAPPO]]   218/300 ( 72.7%)  agents:[ 4/ 5]  done= 64% [################_________]  reward=   -34  eps=  3%  KL=+0.043  H=0.01  acts[N:47% L:0% F:40% R:0% S:12%]  (7050s)
[PPO-DEBUG] N=1128  adv=[-5.000,+4.233] std=0.992  ret=[-6.6,+5.1] mean=-1.4  mask_legal_avg=3.02  old_lp=[-9.342±9.139]
[PPO-DEBUG] mb#1 grad_norm=16.53528  loss=+0.5365  p_loss=+0.1009  v_loss=+0.8713  ent=0.0057
[PPO-DEBUG] DONE  n_mb=20  KL=+0.173496  ratio=0.94107  head_max_dparam=0.008788  clip_frac=0.436
[Train[MAPPO]]   219/300 ( 73.0%)  agents:[ 3/ 5]  done= 64% [################_________]  reward=   -34  eps=  3%  KL=+0.173  H=0.01  acts[N:47% L:0% F:51% R:0% S:2%]  (7078s)
[PPO-DEBUG] N=605  adv=[-2.475,+4.375] std=1.001  ret=[-0.7,+4.5] mean=+1.0  mask_legal_avg=3.06  old_lp=[-6.981±7.479]
[PPO-DEBUG] mb#1 grad_norm=6.53211  loss=+0.1560  p_loss=-0.0967  v_loss=+0.5063  ent=0.0183
[PPO-DEBUG] DONE  n_mb=12  KL=-0.011448  ratio=1.01683  head_max_dparam=0.009393  clip_frac=0.279
[ObsFnPerf] ep=220 interval=20 sample_every=8 get=1.859ms get_many=10.135ms local_search=3.063ms deadlock_profile=0.297ms base_features=0.000ms debug_overlay=0.000ms deadlock_calls_per_local_search=6.43
[ObsFnPerfBase] transitions=0.000ms successors=0.000ms priority=0.000ms flags=0.000ms sp_hint=0.000ms
[ObsFnPerfDetail] get_p50=0.904ms get_p95=5.993ms get_max=12.147ms get_many_p50=6.306ms get_many_p95=22.965ms get_many_max=207.870ms local_search_p50=3.025ms local_search_p95=5.131ms local_search_max=6.608ms
[ObsFnPerfLocalSearch] nodes_mean=6.43 nodes_p95=8.00 edges_mean=5.78 edges_p95=9.00 seen_agents_mean=0.05 ms_per_node=0.4762 handles_per_get_many=5.00
[ObsFnPerfGetMany] total_nodes_mean=11.41 total_nodes_p95=32.00 total_edges_mean=10.26 total_edges_p95=32.00
[Train[MAPPO]]   220/300 ( 73.3%)  agents:[ 5/ 5]  done= 65% [################_________]  reward=   -31  eps=  3%  KL=-0.011  H=0.02  acts[N:47% L:1% F:48% R:1% S:2%]  (7091s)
[PPO-DEBUG] N=602  adv=[-2.308,+4.191] std=1.001  ret=[-0.5,+5.0] mean=+0.9  mask_legal_avg=3.04  old_lp=[-5.593±8.290]
[PPO-DEBUG] mb#1 grad_norm=7.49909  loss=+0.2087  p_loss=-0.0046  v_loss=+0.4272  ent=0.0121
[PPO-DEBUG] DONE  n_mb=12  KL=-0.040205  ratio=1.06071  head_max_dparam=0.008281  clip_frac=0.262
[Train[MAPPO]]   221/300 ( 73.7%)  agents:[ 5/ 5]  done= 65% [################_________]  reward=   -31  eps=  3%  KL=-0.040  H=0.02  acts[N:67% L:1% F:29% R:1% S:2%]  (7106s)
[PPO-DEBUG] N=818  adv=[-4.840,+5.000] std=0.985  ret=[-2.0,+4.6] mean=+1.0  mask_legal_avg=3.15  old_lp=[-10.409±7.314]
[PPO-DEBUG] mb#1 grad_norm=6.95828  loss=+0.4128  p_loss=+0.0306  v_loss=+0.7662  ent=0.0473
[PPO-DEBUG] DONE  n_mb=16  KL=+0.225850  ratio=0.87605  head_max_dparam=0.008647  clip_frac=0.599
[Train[MAPPO]]   222/300 ( 74.0%)  agents:[ 5/ 5]  done= 67% [#################________]  reward=   -29  eps=  3%  KL=+0.226  H=0.03  acts[N:21% L:9% F:67% R:1% S:3%]  (7126s)
[PPO-DEBUG] N=1697  adv=[-5.000,+2.683] std=0.898  ret=[-7.3,+4.9] mean=-3.6  mask_legal_avg=3.01  old_lp=[-4.740±7.819]
[PPO-DEBUG] mb#1 grad_norm=3.93924  loss=+0.1891  p_loss=-0.0623  v_loss=+0.5031  ent=0.0109
[PPO-DEBUG] DONE  n_mb=28  KL=-0.024288  ratio=1.04838  head_max_dparam=0.012684  clip_frac=0.218
[Train[MAPPO]]   223/300 ( 74.3%)  agents:[ 2/ 5]  done= 66% [################_________]  reward=   -31  eps=  3%  KL=-0.024  H=0.01  acts[N:18% L:0% F:27% R:0% S:55%]  (7170s)
[PPO-DEBUG] N=640  adv=[-4.433,+3.987] std=1.001  ret=[-1.4,+5.0] mean=+0.5  mask_legal_avg=3.08  old_lp=[-9.458±8.121]
[PPO-DEBUG] mb#1 grad_norm=10.61850  loss=+0.4149  p_loss=+0.0313  v_loss=+0.7682  ent=0.0248
[PPO-DEBUG] DONE  n_mb=12  KL=-0.063138  ratio=1.10334  head_max_dparam=0.004977  clip_frac=0.480
[Train[MAPPO]]   224/300 ( 74.7%)  agents:[ 5/ 5]  done= 66% [################_________]  reward=   -31  eps=  3%  KL=-0.063  H=0.03  acts[N:36% L:3% F:58% R:2% S:2%]  (7186s)
[PPO-DEBUG] N=1426  adv=[-5.000,+3.894] std=0.877  ret=[-7.6,+4.8] mean=-3.4  mask_legal_avg=3.01  old_lp=[-2.784±5.156]
[PPO-DEBUG] mb#1 grad_norm=10.62172  loss=+0.2193  p_loss=-0.0115  v_loss=+0.4634  ent=0.0441
[PPO-DEBUG] DONE  n_mb=24  KL=+0.218602  ratio=0.99051  head_max_dparam=0.012403  clip_frac=0.278
[Train[MAPPO]]   225/300 ( 75.0%)  agents:[ 3/ 5]  done= 66% [#################________]  reward=   -30  eps=  3%  KL=+0.219  H=0.04  acts[N:19% L:0% F:17% R:0% S:64%]  (7223s)
[PPO-DEBUG] N=352  adv=[-1.557,+4.817] std=1.001  ret=[-0.5,+5.2] mean=+1.3  mask_legal_avg=3.05  old_lp=[-9.311±8.147]
[PPO-DEBUG] mb#1 grad_norm=20.55962  loss=+0.9743  p_loss=-0.0112  v_loss=+1.9718  ent=0.0182
[PPO-DEBUG] DONE  n_mb=8  KL=-0.228735  ratio=1.42536  head_max_dparam=0.004574  clip_frac=0.454
[Train[MAPPO]]   226/300 ( 75.3%)  agents:[ 5/ 5]  done= 68% [#################________]  reward=   -28  eps=  3%  KL=-0.229  H=0.02  acts[N:37% L:1% F:59% R:1% S:2%]  (7233s)
[PPO-DEBUG] N=1460  adv=[-5.000,+2.766] std=0.880  ret=[-7.1,+4.4] mean=-2.8  mask_legal_avg=3.04  old_lp=[-11.627±7.553]
[PPO-DEBUG] mb#1 grad_norm=6.89107  loss=+0.2801  p_loss=-0.0019  v_loss=+0.5644  ent=0.0090
[PPO-DEBUG] DONE  n_mb=24  KL=+0.251991  ratio=0.94026  head_max_dparam=0.011384  clip_frac=0.621
[Train[MAPPO]]   227/300 ( 75.7%)  agents:[ 3/ 5]  done= 67% [#################________]  reward=   -29  eps=  3%  KL=+0.252  H=0.01  acts[N:17% L:0% F:72% R:0% S:10%]  (7272s)
[PPO-DEBUG] N=1606  adv=[-5.000,+5.000] std=0.912  ret=[-7.6,+4.5] mean=-4.4  mask_legal_avg=3.01  old_lp=[-11.094±8.741]
[PPO-DEBUG] mb#1 grad_norm=7.71521  loss=+0.3980  p_loss=-0.0128  v_loss=+0.8253  ent=0.0935
[PPO-DEBUG] DONE  n_mb=28  KL=-0.013461  ratio=1.04765  head_max_dparam=0.022526  clip_frac=0.365
[Train[MAPPO]]   228/300 ( 76.0%)  agents:[ 2/ 5]  done= 66% [################_________]  reward=   -31  eps=  3%  KL=-0.013  H=0.10  acts[N:5% L:0% F:84% R:0% S:10%]  (7313s)
[PPO-DEBUG] N=835  adv=[-4.803,+3.580] std=1.001  ret=[-1.6,+5.0] mean=+0.1  mask_legal_avg=3.04  old_lp=[-8.175±7.923]
[PPO-DEBUG] mb#1 grad_norm=13.49316  loss=+0.2359  p_loss=+0.0135  v_loss=+0.4457  ent=0.0208
[PPO-DEBUG] DONE  n_mb=16  KL=-0.002456  ratio=1.03383  head_max_dparam=0.012900  clip_frac=0.451
[Train[MAPPO]]   229/300 ( 76.3%)  agents:[ 5/ 5]  done= 66% [################_________]  reward=   -31  eps=  3%  KL=-0.002  H=0.02  acts[N:44% L:1% F:53% R:0% S:1%]  (7330s)
[PPO-DEBUG] N=1141  adv=[-5.000,+3.772] std=0.992  ret=[-7.7,+4.9] mean=-3.4  mask_legal_avg=3.01  old_lp=[-2.545±5.908]
[PPO-DEBUG] mb#1 grad_norm=4.11956  loss=+0.2944  p_loss=+0.0158  v_loss=+0.5578  ent=0.0153
[PPO-DEBUG] DONE  n_mb=20  KL=-0.048120  ratio=1.09679  head_max_dparam=0.025122  clip_frac=0.151
[Train[MAPPO]]   230/300 ( 76.7%)  agents:[ 3/ 5]  done= 65% [################_________]  reward=   -33  eps=  3%  KL=-0.048  H=0.02  acts[N:25% L:0% F:16% R:0% S:59%]  (7363s)
[PPO-DEBUG] N=1500  adv=[-5.000,+4.531] std=0.913  ret=[-7.8,+5.1] mean=-3.6  mask_legal_avg=3.02  old_lp=[-9.917±7.622]
[PPO-DEBUG] mb#1 grad_norm=3.21997  loss=+0.2495  p_loss=-0.0787  v_loss=+0.6571  ent=0.0173
[PPO-DEBUG] DONE  n_mb=24  KL=+0.089562  ratio=1.02392  head_max_dparam=0.013054  clip_frac=0.633
[Train[MAPPO]]   231/300 ( 77.0%)  agents:[ 3/ 5]  done= 65% [################_________]  reward=   -32  eps=  3%  KL=+0.090  H=0.02  acts[N:23% L:0% F:69% R:0% S:6%]  (7396s)
[PPO-DEBUG] N=445  adv=[-2.120,+5.000] std=0.947  ret=[-1.0,+5.0] mean=+1.2  mask_legal_avg=3.07  old_lp=[-8.487±8.286]
[PPO-DEBUG] mb#1 grad_norm=8.25331  loss=+0.5270  p_loss=+0.0909  v_loss=+0.8727  ent=0.0148
[PPO-DEBUG] DONE  n_mb=8  KL=-0.050589  ratio=1.06990  head_max_dparam=0.007613  clip_frac=0.417
[Train[MAPPO]]   232/300 ( 77.3%)  agents:[ 5/ 5]  done= 66% [################_________]  reward=   -31  eps=  3%  KL=-0.051  H=0.02  acts[N:44% L:1% F:51% R:1% S:2%]  (7408s)
[PPO-DEBUG] N=1216  adv=[-5.000,+2.495] std=0.913  ret=[-7.9,+5.1] mean=-4.0  mask_legal_avg=3.02  old_lp=[-3.826±5.955]
[PPO-DEBUG] mb#1 grad_norm=16.81424  loss=+0.3790  p_loss=-0.0189  v_loss=+0.8025  ent=0.1698
[PPO-DEBUG] DONE  n_mb=20  KL=+0.088723  ratio=1.01518  head_max_dparam=0.011360  clip_frac=0.485
[Train[MAPPO]]   233/300 ( 77.7%)  agents:[ 3/ 5]  done= 67% [#################________]  reward=   -30  eps=  3%  KL=+0.089  H=0.19  acts[N:6% L:0% F:22% R:0% S:72%]  (7444s)
[PPO-DEBUG] N=1584  adv=[-5.000,+5.000] std=0.892  ret=[-7.3,+4.7] mean=-4.0  mask_legal_avg=3.01  old_lp=[-9.148±8.140]
[PPO-DEBUG] mb#1 grad_norm=24.57098  loss=+0.2663  p_loss=-0.0649  v_loss=+0.6626  ent=0.0064
[PPO-DEBUG] DONE  n_mb=28  KL=-0.092530  ratio=2.87892  head_max_dparam=0.009712  clip_frac=0.334
[Train[MAPPO]]   234/300 ( 78.0%)  agents:[ 2/ 5]  done= 66% [################_________]  reward=   -32  eps=  3%  KL=-0.093  H=0.02  acts[N:3% L:0% F:43% R:0% S:53%]  (7491s)
[PPO-DEBUG] N=1570  adv=[-5.000,+5.000] std=0.955  ret=[-8.1,+5.2] mean=-5.4  mask_legal_avg=3.01  old_lp=[-12.434±9.149]
[PPO-DEBUG] mb#1 grad_norm=4.31382  loss=+0.2728  p_loss=-0.0955  v_loss=+0.7375  ent=0.0239
[PPO-DEBUG] DONE  n_mb=28  KL=-0.039821  ratio=1.31601  head_max_dparam=0.015230  clip_frac=0.313
[Train[MAPPO]]   235/300 ( 78.3%)  agents:[ 2/ 5]  done= 64% [################_________]  reward=   -33  eps=  3%  KL=-0.040  H=0.02  acts[N:3% L:0% F:65% R:0% S:32%]  (7522s)
[PPO-DEBUG] N=2400  adv=[-5.000,+4.509] std=0.974  ret=[-8.0,+1.0] mean=-4.6  mask_legal_avg=3.09  old_lp=[-9.444±9.121]
[PPO-DEBUG] mb#1 grad_norm=4.92089  loss=+0.3738  p_loss=+0.0011  v_loss=+0.7456  ent=0.0064
[PPO-DEBUG] DONE  n_mb=40  KL=+0.021307  ratio=1.00452  head_max_dparam=0.020890  clip_frac=0.311
[Train[MAPPO]]   236/300 ( 78.7%)  agents:[ 0/ 5]  done= 63% [################_________]  reward=   -36  eps=  3%  KL=+0.021  H=0.01  acts[N:3% L:0% F:53% R:1% S:44%]  (7589s)
[PPO-DEBUG] N=1159  adv=[-3.797,+5.000] std=0.976  ret=[-8.2,+5.2] mean=-5.0  mask_legal_avg=3.01  old_lp=[-5.640±6.344]
[PPO-DEBUG] mb#1 grad_norm=20.88117  loss=+0.3088  p_loss=-0.0250  v_loss=+0.6692  ent=0.0392
[PPO-DEBUG] DONE  n_mb=20  KL=+0.840514  ratio=0.78322  head_max_dparam=0.013230  clip_frac=0.466
[Train[MAPPO]]   237/300 ( 79.0%)  agents:[ 3/ 5]  done= 62% [################_________]  reward=   -37  eps=  3%  KL=+0.841  H=0.04  acts[N:9% L:0% F:25% R:0% S:65%]  (7621s)
[PPO-DEBUG] N=424  adv=[-2.823,+3.148] std=1.001  ret=[-1.7,+4.9] mean=+0.9  mask_legal_avg=3.06  old_lp=[-11.196±7.420]
[PPO-DEBUG] mb#1 grad_norm=14.12497  loss=+0.4459  p_loss=-0.0245  v_loss=+0.9415  ent=0.0186
[PPO-DEBUG] DONE  n_mb=8  KL=-0.007193  ratio=1.02522  head_max_dparam=0.007640  clip_frac=0.441
[Train[MAPPO]]   238/300 ( 79.3%)  agents:[ 5/ 5]  done= 63% [################_________]  reward=   -36  eps=  3%  KL=-0.007  H=0.02  acts[N:25% L:1% F:72% R:0% S:1%]  (7631s)
[PPO-DEBUG] N=589  adv=[-2.154,+4.575] std=1.001  ret=[-1.0,+4.8] mean=+1.1  mask_legal_avg=3.05  old_lp=[-6.701±7.877]
[PPO-DEBUG] mb#1 grad_norm=6.01163  loss=+0.3250  p_loss=+0.0073  v_loss=+0.6375  ent=0.0499
[PPO-DEBUG] DONE  n_mb=12  KL=+0.012620  ratio=1.01948  head_max_dparam=0.012961  clip_frac=0.343
[Train[MAPPO]]   239/300 ( 79.7%)  agents:[ 5/ 5]  done= 64% [################_________]  reward=   -34  eps=  3%  KL=+0.013  H=0.05  acts[N:36% L:1% F:42% R:1% S:21%]  (7645s)
[PPO-DEBUG] N=1595  adv=[-5.000,+4.899] std=0.940  ret=[-8.3,+4.8] mean=-4.8  mask_legal_avg=3.02  old_lp=[-11.000±9.455]
[PPO-DEBUG] mb#1 grad_norm=5.62636  loss=+0.3324  p_loss=-0.0116  v_loss=+0.6916  ent=0.0909
[PPO-DEBUG] DONE  n_mb=28  KL=-0.001464  ratio=1.18609  head_max_dparam=0.019270  clip_frac=0.397
[ObsFnPerf] ep=240 interval=20 sample_every=8 get=3.237ms get_many=16.854ms local_search=3.304ms deadlock_profile=0.346ms base_features=0.000ms debug_overlay=0.000ms deadlock_calls_per_local_search=6.38
[ObsFnPerfBase] transitions=0.000ms successors=0.000ms priority=0.000ms flags=0.000ms sp_hint=0.000ms
[ObsFnPerfDetail] get_p50=3.482ms get_p95=6.457ms get_max=8.659ms get_many_p50=15.543ms get_many_p95=24.188ms get_many_max=227.064ms local_search_p50=3.047ms local_search_p95=5.215ms local_search_max=7.128ms
[ObsFnPerfLocalSearch] nodes_mean=6.38 nodes_p95=8.00 edges_mean=5.74 edges_p95=8.00 seen_agents_mean=1.31 ms_per_node=0.5183 handles_per_get_many=5.00
[ObsFnPerfGetMany] total_nodes_mean=20.25 total_nodes_p95=34.00 total_edges_mean=18.23 total_edges_p95=31.00
[Train[MAPPO]]   240/300 ( 80.0%)  agents:[ 2/ 5]  done= 64% [################_________]  reward=   -34  eps=  3%  KL=-0.001  H=0.08  acts[N:9% L:0% F:58% R:0% S:32%]  (7679s)
[PPO-DEBUG] N=2011  adv=[-5.000,+3.302] std=0.952  ret=[-8.3,+4.9] mean=-5.2  mask_legal_avg=3.01  old_lp=[-12.997±9.119]
[PPO-DEBUG] mb#1 grad_norm=7.49521  loss=+0.4376  p_loss=+0.0301  v_loss=+0.8152  ent=0.0015
[PPO-DEBUG] DONE  n_mb=32  KL=+0.004681  ratio=1.08249  head_max_dparam=0.033429  clip_frac=0.507
[Train[MAPPO]]   241/300 ( 80.3%)  agents:[ 1/ 5]  done= 62% [################_________]  reward=   -36  eps=  3%  KL=+0.005  H=0.00  acts[N:9% L:0% F:67% R:0% S:24%]  (7736s)
[PPO-DEBUG] N=336  adv=[-1.900,+5.000] std=0.956  ret=[-1.3,+5.1] mean=+1.1  mask_legal_avg=3.08  old_lp=[-9.554±8.853]
[PPO-DEBUG] mb#1 grad_norm=24.33576  loss=+1.3780  p_loss=+0.0147  v_loss=+2.7278  ent=0.0309
[PPO-DEBUG] DONE  n_mb=8  KL=-0.114979  ratio=1.16326  head_max_dparam=0.007679  clip_frac=0.499
[Train[MAPPO]]   242/300 ( 80.7%)  agents:[ 5/ 5]  done= 62% [################_________]  reward=   -36  eps=  3%  KL=-0.115  H=0.04  acts[N:42% L:0% F:55% R:3% S:1%]  (7745s)
[PPO-DEBUG] N=1981  adv=[-5.000,+3.202] std=0.896  ret=[-8.4,+4.7] mean=-5.3  mask_legal_avg=3.01  old_lp=[-14.257±7.933]
[PPO-DEBUG] mb#1 grad_norm=12.42577  loss=+0.3898  p_loss=+0.0058  v_loss=+0.7750  ent=0.1725
[PPO-DEBUG] DONE  n_mb=32  KL=+0.009901  ratio=1.12051  head_max_dparam=0.011136  clip_frac=0.675
[Train[MAPPO]]   243/300 ( 81.0%)  agents:[ 1/ 5]  done= 62% [################_________]  reward=   -37  eps=  3%  KL=+0.010  H=0.15  acts[N:2% L:0% F:94% R:0% S:4%]  (7796s)
[PPO-DEBUG] N=1867  adv=[-5.000,+4.749] std=0.949  ret=[-8.1,+4.2] mean=-2.5  mask_legal_avg=3.04  old_lp=[-11.306±8.617]
[PPO-DEBUG] mb#1 grad_norm=3.42858  loss=+0.4174  p_loss=+0.0247  v_loss=+0.7858  ent=0.0071
[PPO-DEBUG] DONE  n_mb=32  KL=-0.006480  ratio=1.02543  head_max_dparam=0.027029  clip_frac=0.428
[Train[MAPPO]]   244/300 ( 81.3%)  agents:[ 2/ 5]  done= 63% [################_________]  reward=   -35  eps=  3%  KL=-0.006  H=0.00  acts[N:32% L:1% F:65% R:0% S:2%]  (7845s)
[PPO-DEBUG] N=2434  adv=[-5.000,+2.033] std=0.969  ret=[-8.4,+0.2] mean=-5.4  mask_legal_avg=3.01  old_lp=[-15.096±7.247]
[PPO-DEBUG] mb#1 grad_norm=26.31276  loss=+0.2355  p_loss=-0.0578  v_loss=+0.5873  ent=0.0137
[PPO-DEBUG] DONE  n_mb=40  KL=-0.148515  ratio=1.78648  head_max_dparam=0.013945  clip_frac=0.591
[Train[MAPPO]]   245/300 ( 81.7%)  agents:[ 0/ 5]  done= 62% [################_________]  reward=   -38  eps=  3%  KL=-0.149  H=0.03  acts[N:10% L:0% F:81% R:0% S:8%]  (7908s)
[PPO-DEBUG] N=2054  adv=[-4.518,+5.000] std=0.977  ret=[-8.4,+4.5] mean=-5.5  mask_legal_avg=3.01  old_lp=[-10.589±8.831]
[PPO-DEBUG] mb#1 grad_norm=2.38225  loss=+0.1966  p_loss=+0.0490  v_loss=+0.2958  ent=0.0149
[PPO-DEBUG] DONE  n_mb=32  KL=-0.012811  ratio=1.29681  head_max_dparam=0.017213  clip_frac=0.365
[Train[MAPPO]]   246/300 ( 82.0%)  agents:[ 1/ 5]  done= 61% [###############__________]  reward=   -39  eps=  3%  KL=-0.013  H=0.01  acts[N:6% L:0% F:67% R:0% S:26%]  (7963s)
[PPO-DEBUG] N=1973  adv=[-4.433,+5.000] std=0.980  ret=[-8.3,+3.7] mean=-4.4  mask_legal_avg=3.02  old_lp=[-3.859±7.024]
[PPO-DEBUG] mb#1 grad_norm=8.40887  loss=+0.1800  p_loss=+0.0185  v_loss=+0.3237  ent=0.0151
[PPO-DEBUG] DONE  n_mb=32  KL=+1.182382  ratio=0.88290  head_max_dparam=0.008250  clip_frac=0.233
[Train[MAPPO]]   247/300 ( 82.3%)  agents:[ 1/ 5]  done= 60% [###############__________]  reward=   -40  eps=  3%  KL=+1.182  H=0.00  acts[N:32% L:1% F:17% R:0% S:49%]  (8013s)
[PPO-DEBUG] N=2353  adv=[-5.000,+1.636] std=0.962  ret=[-8.5,-0.6] mean=-4.5  mask_legal_avg=3.01  old_lp=[-4.178±7.530]
[PPO-DEBUG] mb#1 grad_norm=5.36709  loss=+0.1237  p_loss=-0.0267  v_loss=+0.3011  ent=0.0033
[PPO-DEBUG] DONE  n_mb=40  KL=-0.008023  ratio=1.12259  head_max_dparam=0.009981  clip_frac=0.227
[Train[MAPPO]]   248/300 ( 82.7%)  agents:[ 0/ 5]  done= 60% [###############__________]  reward=   -40  eps=  3%  KL=-0.008  H=0.00  acts[N:38% L:0% F:27% R:0% S:35%]  (8070s)
[PPO-DEBUG] N=2064  adv=[-5.000,+5.000] std=0.904  ret=[-8.4,+4.3] mean=-5.4  mask_legal_avg=3.01  old_lp=[-10.939±8.339]
[PPO-DEBUG] mb#1 grad_norm=4.02270  loss=+0.3344  p_loss=-0.0605  v_loss=+0.7906  ent=0.0193
[PPO-DEBUG] DONE  n_mb=36  KL=+0.109186  ratio=0.92687  head_max_dparam=0.012775  clip_frac=0.592
[Train[MAPPO]]   249/300 ( 83.0%)  agents:[ 1/ 5]  done= 60% [###############__________]  reward=   -40  eps=  3%  KL=+0.109  H=0.04  acts[N:14% L:0% F:65% R:0% S:20%]  (8130s)
[PPO-DEBUG] N=1724  adv=[-3.532,+5.000] std=0.967  ret=[-8.5,+4.4] mean=-4.3  mask_legal_avg=3.05  old_lp=[-9.704±9.596]
[PPO-DEBUG] mb#1 grad_norm=3.05845  loss=+0.3292  p_loss=+0.0080  v_loss=+0.6438  ent=0.0394
[PPO-DEBUG] DONE  n_mb=28  KL=+0.004948  ratio=1.01808  head_max_dparam=0.014311  clip_frac=0.366
[Train[MAPPO]]   250/300 ( 83.3%)  agents:[ 2/ 5]  done= 60% [###############__________]  reward=   -39  eps=  3%  KL=+0.005  H=0.05  acts[N:31% L:1% F:48% R:4% S:16%]  (8176s)
[PPO-DEBUG] N=1582  adv=[-4.761,+5.000] std=0.995  ret=[-3.6,+4.4] mean=-2.4  mask_legal_avg=3.11  old_lp=[-13.824±7.598]
[PPO-DEBUG] mb#1 grad_norm=7.78013  loss=+0.5270  p_loss=+0.0617  v_loss=+0.9306  ent=0.0032
[PPO-DEBUG] DONE  n_mb=28  KL=-0.021712  ratio=1.03956  head_max_dparam=0.015030  clip_frac=0.480

========================================================================
  [DecisionPointObs] BASE FEATURE REPORT  (n=100 episodes, ep=250)
========================================================================
   #  Feature                   min    max    mean    std          trend  note
  --------------------------------------------------------------------
   0  path_left               0.000  1.000  0.0820 0.2744   ↔ flat/noisy  
   1  path_forward            0.000  1.000  0.9140 0.2804   ↔ flat/noisy  
   2  path_right              0.000  1.000  0.0620 0.2412   ↔ flat/noisy  
   3  delta_left             -1.000  0.000 -0.9227 0.2632   ↔ flat/noisy  
   4  delta_forward          -1.000  0.000 -0.1022 0.3001   ↔ flat/noisy  
   5  delta_right            -1.000  0.000 -0.9447 0.2241   ↔ flat/noisy  
   6  st_3                    0.000  0.000  0.0000 0.0000   ↔ flat/noisy  🟡 ready_to_depart 0% of steps
   7  priority_rank           0.004  0.946  0.4725 0.2542    ↓ mono-fall  ✅ agent approaching goal
   8  is_pre_merge            0.000  1.000  0.8900 0.3129   ↔ flat/noisy  pre-merge 89% of steps
   9  is_switch               0.000  1.000  0.0580 0.2337   ↔ flat/noisy  at switch 6% of steps
  10  sp_left                 0.000  1.000  0.0680 0.2517   ↔ flat/noisy  used 7% of steps
  11  sp_forward              0.000  1.000  0.8860 0.3178   ↔ flat/noisy  used 89% of steps
  12  sp_right                0.000  1.000  0.0460 0.2095   ↔ flat/noisy  used 5% of steps
  13  deadlock_risk           0.080  0.389  0.2054 0.0670   ↔ flat/noisy  mean risk=0.205
  14  deadlock_distance_norm  0.000  1.000  0.0270 0.1258   ↔ flat/noisy  near-deadlock 2% of steps
  15  steps_to_next_switch_norm  0.000  1.000  0.3755 0.2759   ↔ flat/noisy  mean prox=0.375
  16  sp_improves_norm        0.000  1.000  0.0275 0.1446   ↔ flat/noisy  mean gain=0.028
  17  last_action_left        0.000  1.000  0.0240 0.1530   ↔ flat/noisy  left 2% of steps
  18  last_action_forward     0.000  1.000  0.3160 0.4649   ↔ flat/noisy  forward 32% of steps
  19  last_action_right       0.000  1.000  0.0080 0.0891   ↔ flat/noisy  right 1% of steps
  20  last_action_stop        0.000  1.000  0.0060 0.0772   ↔ flat/noisy  stop 1% of steps
  21  action_matches_sp       0.000  1.000  0.5840 0.2827   ↔ flat/noisy  follow 26% / yield 65% / off 9%
  22  spawn_active_density    0.200  0.600  0.3500 0.1425   ↔ flat/noisy  
  23  spawn_pending_density   0.000  0.000  0.0000 0.0000   ↔ flat/noisy  
  24  spawn_is_ready          0.000  0.000  0.0000 0.0000   ↔ flat/noisy  
  25  global_conflict_pressure  0.000  0.000  0.0000 0.0000   ↔ flat/noisy  
  26  my_priority_global      0.000  1.000  0.2160 0.4017   ↔ flat/noisy  
  27  my_sp_blocked_score     0.000  0.000  0.0000 0.0000   ↔ flat/noisy  
  28  sp_alternatives_avg_score  0.000  0.000  0.0000 0.0000   ↔ flat/noisy  
  29  expected_yield_count    0.000  0.000  0.0000 0.0000   ↔ flat/noisy  
  30  vertex_conflict_left    0.000  0.000  0.0000 0.0000   ↔ flat/noisy  
  31  edge_conflict_left      0.000  0.000  0.0000 0.0000   ↔ flat/noisy  
  32  lane_density_left       0.000  0.000  0.0000 0.0000   ↔ flat/noisy  
  33  vertex_conflict_forward  0.000  1.000  0.0088 0.0795   ↔ flat/noisy  
  34  edge_conflict_forward   0.000  1.000  0.0040 0.0631   ↔ flat/noisy  
  35  lane_density_forward    0.000  0.333  0.0080 0.0510   ↔ flat/noisy  
  36  vertex_conflict_right   0.000  0.000  0.0000 0.0000   ↔ flat/noisy  
  37  edge_conflict_right     0.000  0.000  0.0000 0.0000   ↔ flat/noisy  
  38  lane_density_right      0.000  0.000  0.0000 0.0000   ↔ flat/noisy  

  priority_rank half-half: first=0.4443 → second=0.5006  Δ=+0.0563 ↑

  Tree: nodes=2.6±3.5 [0,8]   edges=2.5±3.5 [0,9]
========================================================================
[Train[MAPPO]]   251/300 ( 83.7%)  agents:[ 4/ 5]  done= 62% [###############__________]  reward=   -37  eps=  3%  KL=-0.022  H=0.00  acts[N:20% L:4% F:73% R:2% S:1%]  (8218s)
[PPO-DEBUG] N=2030  adv=[-5.000,+5.000] std=0.989  ret=[-7.9,+3.0] mean=-4.1  mask_legal_avg=3.03  old_lp=[-14.640±7.784]
[PPO-DEBUG] mb#1 grad_norm=5.52774  loss=+0.2132  p_loss=-0.0237  v_loss=+0.4741  ent=0.0050
[PPO-DEBUG] DONE  n_mb=32  KL=+0.385790  ratio=0.92337  head_max_dparam=0.011562  clip_frac=0.754
[Train[MAPPO]]   252/300 ( 84.0%)  agents:[ 2/ 5]  done= 60% [###############__________]  reward=   -39  eps=  3%  KL=+0.386  H=0.02  acts[N:10% L:1% F:78% R:1% S:11%]  (8271s)
[PPO-DEBUG] N=2049  adv=[-4.947,+5.000] std=0.908  ret=[-7.7,+4.8] mean=-4.1  mask_legal_avg=3.02  old_lp=[-12.843±9.315]
[PPO-DEBUG] mb#1 grad_norm=7.29916  loss=+0.0683  p_loss=-0.0310  v_loss=+0.2001  ent=0.0380
[PPO-DEBUG] DONE  n_mb=32  KL=+1.628183  ratio=0.84760  head_max_dparam=0.008022  clip_frac=0.486
[Train[MAPPO]]   253/300 ( 84.3%)  agents:[ 1/ 5]  done= 60% [###############__________]  reward=   -39  eps=  3%  KL=+1.628  H=0.00  acts[N:24% L:1% F:63% R:0% S:13%]  (8321s)
[PPO-DEBUG] N=1827  adv=[-5.000,+5.000] std=0.998  ret=[-8.0,+4.1] mean=-3.1  mask_legal_avg=3.24  old_lp=[-9.874±8.718]
[PPO-DEBUG] mb#1 grad_norm=13.55862  loss=+0.3891  p_loss=+0.0881  v_loss=+0.6059  ent=0.0980
[PPO-DEBUG] DONE  n_mb=32  KL=-0.077595  ratio=1.12414  head_max_dparam=0.010087  clip_frac=0.481
[Train[MAPPO]]   254/300 ( 84.7%)  agents:[ 2/ 5]  done= 60% [###############__________]  reward=   -38  eps=  3%  KL=-0.078  H=0.10  acts[N:18% L:0% F:56% R:4% S:21%]  (8370s)
[PPO-DEBUG] N=2240  adv=[-5.000,+4.750] std=1.000  ret=[-7.5,+2.0] mean=-3.8  mask_legal_avg=3.01  old_lp=[-9.498±8.855]
[PPO-DEBUG] mb#1 grad_norm=14.06514  loss=+0.0263  p_loss=-0.0665  v_loss=+0.1885  ent=0.0727
[PPO-DEBUG] DONE  n_mb=36  KL=+0.516724  ratio=0.81392  head_max_dparam=0.009948  clip_frac=0.558
[Train[MAPPO]]   255/300 ( 85.0%)  agents:[ 1/ 5]  done= 59% [###############__________]  reward=   -40  eps=  3%  KL=+0.517  H=0.02  acts[N:34% L:0% F:63% R:0% S:3%]  (8426s)
[PPO-DEBUG] N=1102  adv=[-2.518,+5.000] std=0.992  ret=[-5.3,+4.4] mean=-1.9  mask_legal_avg=3.06  old_lp=[-8.220±8.625]
[PPO-DEBUG] mb#1 grad_norm=7.48444  loss=+0.6312  p_loss=-0.0337  v_loss=+1.3298  ent=0.0001
[PPO-DEBUG] DONE  n_mb=20  KL=+0.074088  ratio=0.95942  head_max_dparam=0.008960  clip_frac=0.394
[Train[MAPPO]]   256/300 ( 85.3%)  agents:[ 4/ 5]  done= 58% [###############__________]  reward=   -40  eps=  3%  KL=+0.074  H=0.00  acts[N:51% L:1% F:46% R:1% S:1%]  (8451s)
[PPO-DEBUG] N=1211  adv=[-4.891,+3.946] std=1.000  ret=[-6.7,+4.6] mean=-2.3  mask_legal_avg=3.04  old_lp=[-9.563±9.396]
[PPO-DEBUG] mb#1 grad_norm=3.42992  loss=+0.3859  p_loss=+0.0442  v_loss=+0.6852  ent=0.0443
[PPO-DEBUG] DONE  n_mb=20  KL=+0.073367  ratio=0.95033  head_max_dparam=0.011664  clip_frac=0.513
[Train[MAPPO]]   257/300 ( 85.7%)  agents:[ 3/ 5]  done= 58% [###############__________]  reward=   -41  eps=  3%  KL=+0.073  H=0.10  acts[N:30% L:1% F:50% R:1% S:18%]  (8481s)
[PPO-DEBUG] N=821  adv=[-5.000,+4.540] std=0.997  ret=[-2.0,+4.6] mean=-0.5  mask_legal_avg=3.07  old_lp=[-10.292±8.898]
[PPO-DEBUG] mb#1 grad_norm=9.46782  loss=+0.5652  p_loss=-0.0404  v_loss=+1.2112  ent=0.0001
[PPO-DEBUG] DONE  n_mb=16  KL=-0.083100  ratio=1.09940  head_max_dparam=0.011169  clip_frac=0.442
[Train[MAPPO]]   258/300 ( 86.0%)  agents:[ 5/ 5]  done= 58% [###############__________]  reward=   -41  eps=  3%  KL=-0.083  H=0.00  acts[N:41% L:3% F:54% R:1% S:1%]  (8501s)
[PPO-DEBUG] N=1760  adv=[-5.000,+4.479] std=0.970  ret=[-6.7,+4.8] mean=-3.0  mask_legal_avg=3.02  old_lp=[-11.209±8.422]
[PPO-DEBUG] mb#1 grad_norm=12.37140  loss=+0.3727  p_loss=+0.0751  v_loss=+0.5955  ent=0.0072
[PPO-DEBUG] DONE  n_mb=28  KL=+0.674195  ratio=0.76118  head_max_dparam=0.005270  clip_frac=0.539
[Train[MAPPO]]   259/300 ( 86.3%)  agents:[ 2/ 5]  done= 57% [##############___________]  reward=   -43  eps=  3%  KL=+0.674  H=0.01  acts[N:22% L:1% F:60% R:1% S:17%]  (8552s)
[PPO-DEBUG] N=1220  adv=[-5.000,+5.000] std=0.997  ret=[-3.8,+4.3] mean=-0.5  mask_legal_avg=3.04  old_lp=[-8.537±8.890]
[PPO-DEBUG] mb#1 grad_norm=1.93443  loss=+0.2117  p_loss=+0.0483  v_loss=+0.3268  ent=0.0001
[PPO-DEBUG] DONE  n_mb=20  KL=-0.025053  ratio=1.02987  head_max_dparam=0.006288  clip_frac=0.336
[ObsFnPerf] ep=260 interval=20 sample_every=8 get=2.986ms get_many=15.349ms local_search=3.487ms deadlock_profile=0.307ms base_features=0.000ms debug_overlay=0.000ms deadlock_calls_per_local_search=7.17
[ObsFnPerfBase] transitions=0.000ms successors=0.000ms priority=0.000ms flags=0.000ms sp_hint=0.000ms
[ObsFnPerfDetail] get_p50=2.785ms get_p95=6.202ms get_max=9.872ms get_many_p50=13.719ms get_many_p95=25.203ms get_many_max=31.915ms local_search_p50=3.473ms local_search_p95=5.664ms local_search_max=7.615ms
[ObsFnPerfLocalSearch] nodes_mean=7.17 nodes_p95=8.00 edges_mean=6.66 edges_p95=8.00 seen_agents_mean=0.09 ms_per_node=0.4862 handles_per_get_many=5.00
[ObsFnPerfGetMany] total_nodes_mean=17.40 total_nodes_p95=37.00 total_edges_mean=16.13 total_edges_p95=36.00
[Train[MAPPO]]   260/300 ( 86.7%)  agents:[ 4/ 5]  done= 58% [###############__________]  reward=   -41  eps=  3%  KL=-0.025  H=0.00  acts[N:50% L:0% F:48% R:1% S:1%]  (8582s)
[PPO-DEBUG] N=1376  adv=[-5.000,+3.960] std=0.989  ret=[-7.5,+5.0] mean=-2.6  mask_legal_avg=3.02  old_lp=[-5.957±7.633]
[PPO-DEBUG] mb#1 grad_norm=7.01669  loss=+0.4109  p_loss=+0.0599  v_loss=+0.7060  ent=0.1022
[PPO-DEBUG] DONE  n_mb=24  KL=+0.618477  ratio=0.84546  head_max_dparam=0.009318  clip_frac=0.423
[Train[MAPPO]]   261/300 ( 87.0%)  agents:[ 3/ 5]  done= 58% [###############__________]  reward=   -40  eps=  3%  KL=+0.618  H=0.09  acts[N:41% L:1% F:38% R:0% S:20%]  (8617s)
[PPO-DEBUG] N=970  adv=[-4.736,+5.000] std=0.999  ret=[-4.8,+4.9] mean=-0.7  mask_legal_avg=3.03  old_lp=[-5.236±8.134]
[PPO-DEBUG] mb#1 grad_norm=4.97534  loss=+0.2849  p_loss=+0.0796  v_loss=+0.4105  ent=0.0001
[PPO-DEBUG] DONE  n_mb=16  KL=-0.025643  ratio=1.06212  head_max_dparam=0.007134  clip_frac=0.257
[Train[MAPPO]]   262/300 ( 87.3%)  agents:[ 4/ 5]  done= 58% [###############__________]  reward=   -40  eps=  3%  KL=-0.026  H=0.00  acts[N:70% L:1% F:28% R:1% S:1%]  (8642s)
[PPO-DEBUG] N=748  adv=[-5.000,+3.708] std=0.998  ret=[-1.9,+4.9] mean=-0.1  mask_legal_avg=3.08  old_lp=[-10.472±9.089]
[PPO-DEBUG] mb#1 grad_norm=6.47739  loss=+0.3562  p_loss=+0.0166  v_loss=+0.6792  ent=0.0001
[PPO-DEBUG] DONE  n_mb=12  KL=-0.007203  ratio=1.01254  head_max_dparam=0.004538  clip_frac=0.360
[Train[MAPPO]]   263/300 ( 87.7%)  agents:[ 5/ 5]  done= 60% [###############__________]  reward=   -38  eps=  3%  KL=-0.007  H=0.00  acts[N:41% L:2% F:54% R:2% S:1%]  (8662s)
[PPO-DEBUG] N=925  adv=[-2.729,+5.000] std=0.945  ret=[-1.1,+5.0] mean=-0.0  mask_legal_avg=3.03  old_lp=[-4.625±8.232]
[PPO-DEBUG] mb#1 grad_norm=3.47643  loss=+0.2176  p_loss=+0.0818  v_loss=+0.2716  ent=0.0001
[PPO-DEBUG] DONE  n_mb=16  KL=-0.025078  ratio=1.03668  head_max_dparam=0.008749  clip_frac=0.185
[Train[MAPPO]]   264/300 ( 88.0%)  agents:[ 5/ 5]  done= 61% [###############__________]  reward=   -36  eps=  3%  KL=-0.025  H=0.00  acts[N:75% L:1% F:22% R:1% S:1%]  (8683s)
[PPO-DEBUG] N=2489  adv=[-5.000,+0.687] std=0.818  ret=[-7.7,-0.6] mean=-4.8  mask_legal_avg=3.00  old_lp=[-16.538±7.140]
[PPO-DEBUG] mb#1 grad_norm=13.52092  loss=+0.2206  p_loss=-0.0583  v_loss=+0.5577  ent=0.0002
[PPO-DEBUG] DONE  n_mb=40  KL=-0.083062  ratio=1.20731  head_max_dparam=0.009545  clip_frac=0.546
[Train[MAPPO]]   265/300 ( 88.3%)  agents:[ 0/ 5]  done= 60% [###############__________]  reward=   -38  eps=  3%  KL=-0.083  H=0.00  acts[N:12% L:0% F:85% R:0% S:3%]  (8748s)
[PPO-DEBUG] N=1719  adv=[-5.000,+5.000] std=0.980  ret=[-7.3,+4.6] mean=-4.0  mask_legal_avg=3.01  old_lp=[-13.981±7.817]
[PPO-DEBUG] mb#1 grad_norm=3.59756  loss=+0.3063  p_loss=+0.0939  v_loss=+0.4246  ent=0.0000
[PPO-DEBUG] DONE  n_mb=28  KL=+0.153114  ratio=0.88755  head_max_dparam=0.011398  clip_frac=0.578
[Train[MAPPO]]   266/300 ( 88.7%)  agents:[ 2/ 5]  done= 58% [###############__________]  reward=   -40  eps=  3%  KL=+0.153  H=0.00  acts[N:22% L:0% F:77% R:0% S:1%]  (8792s)
[PPO-DEBUG] N=1617  adv=[-5.000,+5.000] std=0.962  ret=[-7.0,+4.2] mean=-3.0  mask_legal_avg=3.02  old_lp=[-11.247±8.838]
[PPO-DEBUG] mb#1 grad_norm=18.50115  loss=+0.2453  p_loss=-0.0278  v_loss=+0.5470  ent=0.0226
[PPO-DEBUG] DONE  n_mb=28  KL=+1.675083  ratio=0.75473  head_max_dparam=0.020004  clip_frac=0.594
[Train[MAPPO]]   267/300 ( 89.0%)  agents:[ 3/ 5]  done= 58% [##############___________]  reward=   -42  eps=  3%  KL=+1.675  H=0.01  acts[N:25% L:1% F:58% R:1% S:15%]  (8838s)
[PPO-DEBUG] N=1576  adv=[-5.000,+5.000] std=0.987  ret=[-7.9,+4.3] mean=-4.2  mask_legal_avg=3.02  old_lp=[-10.680±9.279]
[PPO-DEBUG] mb#1 grad_norm=6.03847  loss=+0.1155  p_loss=-0.1263  v_loss=+0.4836  ent=0.0009
[PPO-DEBUG] DONE  n_mb=28  KL=+0.574923  ratio=0.83102  head_max_dparam=0.010439  clip_frac=0.401
[Train[MAPPO]]   268/300 ( 89.3%)  agents:[ 2/ 5]  done= 57% [##############___________]  reward=   -43  eps=  3%  KL=+0.575  H=0.00  acts[N:20% L:0% F:53% R:0% S:26%]  (8882s)
[PPO-DEBUG] N=1176  adv=[-5.000,+3.770] std=0.992  ret=[-2.7,+4.7] mean=-1.0  mask_legal_avg=3.06  old_lp=[-9.897±9.245]
[PPO-DEBUG] mb#1 grad_norm=7.59686  loss=+0.3449  p_loss=+0.0260  v_loss=+0.6379  ent=0.0001
[PPO-DEBUG] DONE  n_mb=20  KL=-0.002533  ratio=1.02679  head_max_dparam=0.014625  clip_frac=0.394
[Train[MAPPO]]   269/300 ( 89.7%)  agents:[ 5/ 5]  done= 58% [##############___________]  reward=   -42  eps=  3%  KL=-0.003  H=0.00  acts[N:45% L:1% F:50% R:2% S:1%]  (8912s)
[PPO-DEBUG] N=1982  adv=[-5.000,+5.000] std=0.919  ret=[-7.7,+4.3] mean=-4.2  mask_legal_avg=3.02  old_lp=[-12.826±8.116]
[PPO-DEBUG] mb#1 grad_norm=2.46730  loss=+0.2047  p_loss=-0.0637  v_loss=+0.5370  ent=0.0002
[PPO-DEBUG] DONE  n_mb=32  KL=-0.018335  ratio=1.04700  head_max_dparam=0.013406  clip_frac=0.436
[Train[MAPPO]]   270/300 ( 90.0%)  agents:[ 1/ 5]  done= 56% [##############___________]  reward=   -45  eps=  3%  KL=-0.018  H=0.00  acts[N:22% L:0% F:75% R:1% S:1%]  (8968s)
[PPO-DEBUG] N=1743  adv=[-5.000,+4.135] std=0.970  ret=[-8.0,+4.6] mean=-4.5  mask_legal_avg=3.01  old_lp=[-7.513±7.958]
[PPO-DEBUG] mb#1 grad_norm=4.52874  loss=+0.1877  p_loss=-0.0143  v_loss=+0.4092  ent=0.1298
[PPO-DEBUG] DONE  n_mb=28  KL=+0.007725  ratio=1.10067  head_max_dparam=0.019105  clip_frac=0.504
[Train[MAPPO]]   271/300 ( 90.3%)  agents:[ 2/ 5]  done= 55% [##############___________]  reward=   -46  eps=  3%  KL=+0.008  H=0.14  acts[N:24% L:0% F:54% R:0% S:22%]  (9006s)
[PPO-DEBUG] N=2097  adv=[-5.000,+5.000] std=0.871  ret=[-8.1,+3.8] mean=-4.8  mask_legal_avg=3.03  old_lp=[-11.546±9.677]
[PPO-DEBUG] mb#1 grad_norm=4.68441  loss=+0.3237  p_loss=+0.0343  v_loss=+0.5812  ent=0.0612
[PPO-DEBUG] DONE  n_mb=36  KL=-0.137721  ratio=3.44938  head_max_dparam=0.014325  clip_frac=0.278
[Train[MAPPO]]   272/300 ( 90.7%)  agents:[ 1/ 5]  done= 53% [#############____________]  reward=   -49  eps=  3%  KL=-0.138  H=0.05  acts[N:18% L:0% F:57% R:1% S:24%]  (9065s)
[PPO-DEBUG] N=980  adv=[-2.377,+5.000] std=0.982  ret=[-3.0,+4.4] mean=-1.2  mask_legal_avg=3.04  old_lp=[-7.571±9.135]
[PPO-DEBUG] mb#1 grad_norm=11.46627  loss=+0.5554  p_loss=+0.0347  v_loss=+1.0416  ent=0.0002
[PPO-DEBUG] DONE  n_mb=16  KL=-0.052112  ratio=1.10683  head_max_dparam=0.014529  clip_frac=0.362
[Train[MAPPO]]   273/300 ( 91.0%)  agents:[ 5/ 5]  done= 54% [##############___________]  reward=   -47  eps=  3%  KL=-0.052  H=0.00  acts[N:58% L:2% F:38% R:1% S:1%]  (9088s)
[PPO-DEBUG] N=1299  adv=[-3.248,+5.000] std=0.969  ret=[-1.8,+3.9] mean=-0.9  mask_legal_avg=3.03  old_lp=[-4.382±8.228]
[PPO-DEBUG] mb#1 grad_norm=7.74785  loss=+0.1985  p_loss=-0.0124  v_loss=+0.4216  ent=0.0002
[PPO-DEBUG] DONE  n_mb=24  KL=-0.104088  ratio=1.18426  head_max_dparam=0.016200  clip_frac=0.208
[Train[MAPPO]]   274/300 ( 91.3%)  agents:[ 5/ 5]  done= 54% [##############___________]  reward=   -47  eps=  3%  KL=-0.104  H=0.00  acts[N:77% L:1% F:20% R:1% S:1%]  (9117s)
[PPO-DEBUG] N=1004  adv=[-2.200,+3.995] std=1.000  ret=[-1.5,+4.2] mean=-0.4  mask_legal_avg=3.03  old_lp=[-5.694±8.364]
[PPO-DEBUG] mb#1 grad_norm=7.73360  loss=+0.2015  p_loss=+0.0040  v_loss=+0.3950  ent=0.0002
[PPO-DEBUG] DONE  n_mb=16  KL=-0.169683  ratio=43911.89275  head_max_dparam=0.014370  clip_frac=0.295
[Train[MAPPO]]   275/300 ( 91.7%)  agents:[ 5/ 5]  done= 55% [##############___________]  reward=   -46  eps=  3%  KL=-0.170  H=0.00  acts[N:67% L:1% F:30% R:1% S:1%]  (9138s)
[PPO-DEBUG] N=1044  adv=[-5.000,+5.000] std=0.994  ret=[-1.5,+5.0] mean=-0.4  mask_legal_avg=3.04  old_lp=[-6.508±8.555]
[PPO-DEBUG] mb#1 grad_norm=3.39877  loss=+0.1507  p_loss=-0.0441  v_loss=+0.3897  ent=0.0002
[PPO-DEBUG] DONE  n_mb=20  KL=+0.061783  ratio=1.01670  head_max_dparam=0.008947  clip_frac=0.217
[Train[MAPPO]]   276/300 ( 92.0%)  agents:[ 4/ 5]  done= 55% [##############___________]  reward=   -46  eps=  3%  KL=+0.062  H=0.00  acts[N:62% L:1% F:35% R:1% S:1%]  (9164s)
[PPO-DEBUG] N=1160  adv=[-5.000,+4.777] std=0.990  ret=[-1.1,+4.4] mean=-0.1  mask_legal_avg=3.04  old_lp=[-6.107±8.715]
[PPO-DEBUG] mb#1 grad_norm=2.57620  loss=+0.1183  p_loss=-0.0888  v_loss=+0.4141  ent=0.0005
[PPO-DEBUG] DONE  n_mb=20  KL=-0.003617  ratio=1.00792  head_max_dparam=0.008287  clip_frac=0.237
[Train[MAPPO]]   277/300 ( 92.3%)  agents:[ 5/ 5]  done= 56% [##############___________]  reward=   -45  eps=  3%  KL=-0.004  H=0.00  acts[N:66% L:1% F:31% R:1% S:1%]  (9194s)
[PPO-DEBUG] N=600  adv=[-1.598,+4.029] std=1.001  ret=[-0.9,+4.0] mean=+0.5  mask_legal_avg=3.05  old_lp=[-4.940±7.710]
[PPO-DEBUG] mb#1 grad_norm=5.17840  loss=+0.3119  p_loss=-0.1073  v_loss=+0.8384  ent=0.0008
[PPO-DEBUG] DONE  n_mb=12  KL=-0.031182  ratio=1.04100  head_max_dparam=0.012053  clip_frac=0.239
[Train[MAPPO]]   278/300 ( 92.7%)  agents:[ 5/ 5]  done= 57% [##############___________]  reward=   -43  eps=  3%  KL=-0.031  H=0.00  acts[N:69% L:1% F:28% R:1% S:1%]  (9208s)
[PPO-DEBUG] N=1650  adv=[-5.000,+4.928] std=0.900  ret=[-7.0,+4.9] mean=-3.1  mask_legal_avg=3.01  old_lp=[-16.100±7.685]
[PPO-DEBUG] mb#1 grad_norm=11.93857  loss=+0.3323  p_loss=+0.0049  v_loss=+0.6549  ent=0.0051
[PPO-DEBUG] DONE  n_mb=28  KL=+0.389924  ratio=0.91075  head_max_dparam=0.011904  clip_frac=0.622
[Train[MAPPO]]   279/300 ( 93.0%)  agents:[ 2/ 5]  done= 56% [##############___________]  reward=   -45  eps=  3%  KL=+0.390  H=0.00  acts[N:14% L:0% F:79% R:0% S:7%]  (9251s)
[PPO-DEBUG] N=941  adv=[-1.854,+5.000] std=1.000  ret=[-0.6,+4.2] mean=+0.2  mask_legal_avg=3.03  old_lp=[-4.375±7.412]
[PPO-DEBUG] mb#1 grad_norm=4.44953  loss=+0.0552  p_loss=-0.0782  v_loss=+0.2669  ent=0.0011
[PPO-DEBUG] DONE  n_mb=16  KL=-0.042829  ratio=1.05359  head_max_dparam=0.004982  clip_frac=0.217
[ObsFnPerf] ep=280 interval=20 sample_every=8 get=3.423ms get_many=17.257ms local_search=3.187ms deadlock_profile=0.318ms base_features=0.000ms debug_overlay=0.000ms deadlock_calls_per_local_search=5.92
[ObsFnPerfBase] transitions=0.000ms successors=0.000ms priority=0.000ms flags=0.000ms sp_hint=0.000ms
[ObsFnPerfDetail] get_p50=3.292ms get_p95=7.204ms get_max=12.502ms get_many_p50=17.549ms get_many_p95=25.225ms get_many_max=64.429ms local_search_p50=2.718ms local_search_p95=5.811ms local_search_max=10.079ms
[ObsFnPerfLocalSearch] nodes_mean=5.92 nodes_p95=8.00 edges_mean=5.19 edges_p95=8.00 seen_agents_mean=0.06 ms_per_node=0.5387 handles_per_get_many=5.00
[ObsFnPerfGetMany] total_nodes_mean=21.43 total_nodes_p95=30.00 total_edges_mean=18.89 total_edges_p95=27.00
[Train[MAPPO]]   280/300 ( 93.3%)  agents:[ 5/ 5]  done= 56% [##############___________]  reward=   -44  eps=  3%  KL=-0.043  H=0.00  acts[N:73% L:0% F:26% R:1% S:1%]  (9270s)
[PPO-DEBUG] N=1765  adv=[-5.000,+3.686] std=0.961  ret=[-4.5,+4.2] mean=-0.6  mask_legal_avg=3.03  old_lp=[-7.302±9.095]
[PPO-DEBUG] mb#1 grad_norm=5.58117  loss=+0.1414  p_loss=-0.0511  v_loss=+0.3850  ent=0.0014
[PPO-DEBUG] DONE  n_mb=28  KL=+0.080332  ratio=0.96768  head_max_dparam=0.011819  clip_frac=0.347
[Train[MAPPO]]   281/300 ( 93.7%)  agents:[ 2/ 5]  done= 56% [##############___________]  reward=   -44  eps=  3%  KL=+0.080  H=0.00  acts[N:59% L:0% F:38% R:2% S:1%]  (9305s)
[PPO-DEBUG] N=971  adv=[-1.172,+4.951] std=1.001  ret=[-0.6,+4.6] mean=+0.3  mask_legal_avg=3.03  old_lp=[-4.952±8.093]
[PPO-DEBUG] mb#1 grad_norm=3.34308  loss=+0.1562  p_loss=+0.0828  v_loss=+0.1467  ent=0.0022
[PPO-DEBUG] DONE  n_mb=16  KL=-0.065747  ratio=1.15115  head_max_dparam=0.006757  clip_frac=0.230
[Train[MAPPO]]   282/300 ( 94.0%)  agents:[ 5/ 5]  done= 56% [##############___________]  reward=   -44  eps=  3%  KL=-0.066  H=0.00  acts[N:72% L:1% F:25% R:1% S:1%]  (9330s)
[PPO-DEBUG] N=1087  adv=[-3.828,+5.000] std=0.958  ret=[-2.9,+4.5] mean=+0.0  mask_legal_avg=3.09  old_lp=[-3.720±6.932]
[PPO-DEBUG] mb#1 grad_norm=20.29173  loss=+0.2826  p_loss=+0.0243  v_loss=+0.5201  ent=0.0873
[PPO-DEBUG] DONE  n_mb=20  KL=-0.033236  ratio=1.06012  head_max_dparam=0.014345  clip_frac=0.218
[Train[MAPPO]]   283/300 ( 94.3%)  agents:[ 4/ 5]  done= 56% [##############___________]  reward=   -43  eps=  3%  KL=-0.033  H=0.06  acts[N:64% L:1% F:21% R:7% S:7%]  (9358s)
[PPO-DEBUG] N=811  adv=[-1.341,+4.970] std=1.001  ret=[-0.6,+4.5] mean=+0.5  mask_legal_avg=3.03  old_lp=[-4.760±7.675]
[PPO-DEBUG] mb#1 grad_norm=3.58232  loss=+0.1610  p_loss=+0.0151  v_loss=+0.2919  ent=0.0016
[PPO-DEBUG] DONE  n_mb=16  KL=-0.049951  ratio=1.06207  head_max_dparam=0.006022  clip_frac=0.250
[Train[MAPPO]]   284/300 ( 94.7%)  agents:[ 5/ 5]  done= 58% [##############___________]  reward=   -41  eps=  3%  KL=-0.050  H=0.00  acts[N:71% L:0% F:28% R:0% S:1%]  (9382s)
[PPO-DEBUG] N=616  adv=[-1.453,+5.000] std=0.999  ret=[-0.5,+4.8] mean=+1.1  mask_legal_avg=3.06  old_lp=[-6.871±8.225]
[PPO-DEBUG] mb#1 grad_norm=3.41453  loss=+0.1732  p_loss=+0.0285  v_loss=+0.2894  ent=0.0028
[PPO-DEBUG] DONE  n_mb=12  KL=-0.011778  ratio=1.01584  head_max_dparam=0.005894  clip_frac=0.247
[Train[MAPPO]]   285/300 ( 95.0%)  agents:[ 5/ 5]  done= 59% [###############__________]  reward=   -39  eps=  3%  KL=-0.012  H=0.00  acts[N:57% L:1% F:40% R:1% S:0%]  (9404s)
[PPO-DEBUG] N=615  adv=[-2.037,+5.000] std=0.999  ret=[-0.3,+4.9] mean=+1.4  mask_legal_avg=3.06  old_lp=[-7.749±9.130]
[PPO-DEBUG] mb#1 grad_norm=2.65295  loss=+0.1431  p_loss=-0.0117  v_loss=+0.3098  ent=0.0024
[PPO-DEBUG] DONE  n_mb=12  KL=+0.032450  ratio=0.97536  head_max_dparam=0.009673  clip_frac=0.329
[Train[MAPPO]]   286/300 ( 95.3%)  agents:[ 5/ 5]  done= 61% [###############__________]  reward=   -36  eps=  3%  KL=+0.032  H=0.00  acts[N:57% L:1% F:40% R:1% S:1%]  (9418s)
[PPO-DEBUG] N=745  adv=[-4.977,+5.000] std=0.999  ret=[+0.1,+5.2] mean=+1.3  mask_legal_avg=3.04  old_lp=[-6.388±8.527]
[PPO-DEBUG] mb#1 grad_norm=1.46595  loss=+0.1167  p_loss=+0.0118  v_loss=+0.2100  ent=0.0057
[PPO-DEBUG] DONE  n_mb=12  KL=-0.022441  ratio=1.03398  head_max_dparam=0.004255  clip_frac=0.246
[Train[MAPPO]]   287/300 ( 95.7%)  agents:[ 5/ 5]  done= 62% [###############__________]  reward=   -35  eps=  3%  KL=-0.022  H=0.01  acts[N:62% L:1% F:34% R:1% S:1%]  (9434s)
[PPO-DEBUG] N=1282  adv=[-5.000,+3.677] std=0.965  ret=[-4.6,+4.8] mean=-1.3  mask_legal_avg=3.02  old_lp=[-13.678±7.311]
[PPO-DEBUG] mb#1 grad_norm=9.45424  loss=+0.6002  p_loss=+0.0646  v_loss=+1.0714  ent=0.0054
[PPO-DEBUG] DONE  n_mb=20  KL=+0.110960  ratio=0.90587  head_max_dparam=0.011857  clip_frac=0.675
[Train[MAPPO]]   288/300 ( 96.0%)  agents:[ 3/ 5]  done= 61% [###############__________]  reward=   -36  eps=  3%  KL=+0.111  H=0.01  acts[N:17% L:0% F:81% R:0% S:1%]  (9471s)
[PPO-DEBUG] N=520  adv=[-1.318,+3.380] std=1.001  ret=[+0.1,+5.0] mean=+1.3  mask_legal_avg=3.05  old_lp=[-7.453±8.267]
[PPO-DEBUG] mb#1 grad_norm=10.34367  loss=+0.1367  p_loss=-0.0442  v_loss=+0.3619  ent=0.0036
[PPO-DEBUG] DONE  n_mb=12  KL=-0.070951  ratio=1.11275  head_max_dparam=0.008845  clip_frac=0.394
[Train[MAPPO]]   289/300 ( 96.3%)  agents:[ 5/ 5]  done= 61% [###############__________]  reward=   -36  eps=  3%  KL=-0.071  H=0.01  acts[N:52% L:1% F:45% R:0% S:1%]  (9484s)
[PPO-DEBUG] N=652  adv=[-2.518,+5.000] std=0.897  ret=[-0.0,+5.1] mean=+1.4  mask_legal_avg=3.05  old_lp=[-8.255±8.699]
[PPO-DEBUG] mb#1 grad_norm=2.38570  loss=+0.1856  p_loss=+0.0793  v_loss=+0.2128  ent=0.0049
[PPO-DEBUG] DONE  n_mb=12  KL=-0.023640  ratio=1.02980  head_max_dparam=0.004129  clip_frac=0.313
[Train[MAPPO]]   290/300 ( 96.7%)  agents:[ 5/ 5]  done= 62% [################_________]  reward=   -34  eps=  3%  KL=-0.024  H=0.01  acts[N:50% L:1% F:47% R:1% S:1%]  (9498s)
[PPO-DEBUG] N=945  adv=[-4.949,+5.000] std=0.966  ret=[+0.1,+4.7] mean=+1.2  mask_legal_avg=3.06  old_lp=[-7.729±8.070]
[PPO-DEBUG] mb#1 grad_norm=2.98384  loss=+0.0712  p_loss=-0.0423  v_loss=+0.2273  ent=0.0063
[PPO-DEBUG] DONE  n_mb=16  KL=+0.018611  ratio=0.99294  head_max_dparam=0.010580  clip_frac=0.362
[Train[MAPPO]]   291/300 ( 97.0%)  agents:[ 5/ 5]  done= 64% [################_________]  reward=   -32  eps=  3%  KL=+0.019  H=0.01  acts[N:50% L:1% F:47% R:2% S:1%]  (9523s)
[PPO-DEBUG] N=1189  adv=[-4.747,+3.737] std=1.000  ret=[-5.7,+4.5] mean=-1.7  mask_legal_avg=3.02  old_lp=[-3.450±6.752]
[PPO-DEBUG] mb#1 grad_norm=5.30890  loss=+0.2416  p_loss=-0.0182  v_loss=+0.5206  ent=0.0257
[PPO-DEBUG] DONE  n_mb=20  KL=-0.018230  ratio=1.03991  head_max_dparam=0.013538  clip_frac=0.179
[Train[MAPPO]]   292/300 ( 97.3%)  agents:[ 3/ 5]  done= 63% [################_________]  reward=   -33  eps=  3%  KL=-0.018  H=0.03  acts[N:31% L:0% F:21% R:0% S:47%]  (9551s)
[PPO-DEBUG] N=476  adv=[-2.217,+3.923] std=1.001  ret=[+0.1,+5.0] mean=+1.8  mask_legal_avg=3.05  old_lp=[-8.771±8.948]
[PPO-DEBUG] mb#1 grad_norm=4.31789  loss=+0.1451  p_loss=-0.0530  v_loss=+0.3976  ent=0.0338
[PPO-DEBUG] DONE  n_mb=8  KL=+0.000693  ratio=1.00425  head_max_dparam=0.005825  clip_frac=0.302
[Train[MAPPO]]   293/300 ( 97.7%)  agents:[ 5/ 5]  done= 64% [################_________]  reward=   -30  eps=  3%  KL=+0.001  H=0.04  acts[N:47% L:1% F:48% R:1% S:3%]  (9563s)
[PPO-DEBUG] N=1596  adv=[-5.000,+3.416] std=0.956  ret=[-6.2,+5.0] mean=-1.9  mask_legal_avg=3.01  old_lp=[-9.140±9.981]
[PPO-DEBUG] mb#1 grad_norm=8.38362  loss=+0.3584  p_loss=+0.0032  v_loss=+0.7105  ent=0.0048
[PPO-DEBUG] DONE  n_mb=28  KL=+0.038557  ratio=0.97366  head_max_dparam=0.018192  clip_frac=0.309
[Train[MAPPO]]   294/300 ( 98.0%)  agents:[ 2/ 5]  done= 64% [################_________]  reward=   -30  eps=  3%  KL=+0.039  H=0.01  acts[N:30% L:0% F:45% R:0% S:24%]  (9602s)
[PPO-DEBUG] N=512  adv=[-1.581,+5.000] std=0.989  ret=[-0.9,+4.9] mean=+1.0  mask_legal_avg=3.06  old_lp=[-8.801±8.607]
[PPO-DEBUG] mb#1 grad_norm=12.58139  loss=+0.3801  p_loss=-0.0125  v_loss=+0.7857  ent=0.0119
[PPO-DEBUG] DONE  n_mb=8  KL=-0.173275  ratio=1.25224  head_max_dparam=0.010095  clip_frac=0.455
[Train[MAPPO]]   295/300 ( 98.3%)  agents:[ 5/ 5]  done= 66% [#################________]  reward=   -27  eps=  3%  KL=-0.173  H=0.01  acts[N:45% L:1% F:51% R:2% S:1%]  (9613s)
[PPO-DEBUG] N=546  adv=[-1.922,+4.231] std=1.001  ret=[-0.3,+5.1] mean=+1.4  mask_legal_avg=3.06  old_lp=[-9.172±8.254]
[PPO-DEBUG] mb#1 grad_norm=3.97050  loss=+0.1483  p_loss=+0.0114  v_loss=+0.2751  ent=0.0301
[PPO-DEBUG] DONE  n_mb=12  KL=+0.114611  ratio=0.95396  head_max_dparam=0.013168  clip_frac=0.463
[Train[MAPPO]]   296/300 ( 98.7%)  agents:[ 5/ 5]  done= 68% [#################________]  reward=   -25  eps=  3%  KL=+0.115  H=0.02  acts[N:41% L:1% F:55% R:2% S:1%]  (9625s)
[PPO-DEBUG] N=1590  adv=[-5.000,+4.927] std=0.954  ret=[-6.6,+5.1] mean=-2.9  mask_legal_avg=3.02  old_lp=[-6.425±8.722]
[PPO-DEBUG] mb#1 grad_norm=3.90383  loss=+0.4724  p_loss=-0.0882  v_loss=+1.1229  ent=0.0421
[PPO-DEBUG] DONE  n_mb=28  KL=+0.088389  ratio=0.96988  head_max_dparam=0.022379  clip_frac=0.299
[Train[MAPPO]]   297/300 ( 99.0%)  agents:[ 2/ 5]  done= 68% [#################________]  reward=   -25  eps=  3%  KL=+0.088  H=0.04  acts[N:11% L:1% F:35% R:0% S:53%]  (9669s)
[PPO-DEBUG] N=802  adv=[-3.663,+5.000] std=0.985  ret=[-0.7,+5.1] mean=+0.5  mask_legal_avg=3.06  old_lp=[-8.010±8.568]
[PPO-DEBUG] mb#1 grad_norm=6.35242  loss=+0.2735  p_loss=+0.0532  v_loss=+0.4408  ent=0.0037
[PPO-DEBUG] DONE  n_mb=16  KL=-0.056211  ratio=1.06796  head_max_dparam=0.011872  clip_frac=0.380
[Train[MAPPO]]   298/300 ( 99.3%)  agents:[ 5/ 5]  done= 70% [##################_______]  reward=   -22  eps=  3%  KL=-0.056  H=0.01  acts[N:51% L:2% F:46% R:1% S:1%]  (9689s)
[PPO-DEBUG] N=1346  adv=[-5.000,+3.110] std=0.938  ret=[-7.1,+4.8] mean=-3.0  mask_legal_avg=3.02  old_lp=[-3.433±6.512]
[PPO-DEBUG] mb#1 grad_norm=3.37527  loss=+0.1886  p_loss=-0.0848  v_loss=+0.5512  ent=0.1080
[PPO-DEBUG] DONE  n_mb=24  KL=-0.016247  ratio=1.02422  head_max_dparam=0.020243  clip_frac=0.320
[Train[MAPPO]]   299/300 ( 99.7%)  agents:[ 3/ 5]  done= 71% [##################_______]  reward=   -21  eps=  3%  KL=-0.016  H=0.10  acts[N:17% L:1% F:21% R:1% S:61%]  (9728s)
[PPO-DEBUG] N=688  adv=[-1.657,+5.000] std=0.986  ret=[-0.8,+4.8] mean=+0.4  mask_legal_avg=3.04  old_lp=[-7.494±8.527]
[PPO-DEBUG] mb#1 grad_norm=6.27941  loss=+0.1732  p_loss=+0.0403  v_loss=+0.2666  ent=0.0173
[PPO-DEBUG] DONE  n_mb=12  KL=-0.044584  ratio=1.06476  head_max_dparam=0.011442  clip_frac=0.352
[ObsFnPerf] ep=300 interval=20 sample_every=8 get=2.482ms get_many=12.767ms local_search=3.237ms deadlock_profile=0.295ms base_features=0.000ms debug_overlay=0.000ms deadlock_calls_per_local_search=6.48
[ObsFnPerfBase] transitions=0.000ms successors=0.000ms priority=0.000ms flags=0.000ms sp_hint=0.000ms
[ObsFnPerfDetail] get_p50=1.436ms get_p95=5.798ms get_max=8.641ms get_many_p50=12.630ms get_many_p95=18.471ms get_many_max=22.865ms local_search_p50=3.129ms local_search_p95=5.209ms local_search_max=7.105ms
[ObsFnPerfLocalSearch] nodes_mean=6.48 nodes_p95=8.00 edges_mean=5.81 edges_p95=8.00 seen_agents_mean=0.06 ms_per_node=0.4994 handles_per_get_many=5.00
[ObsFnPerfGetMany] total_nodes_mean=13.95 total_nodes_p95=19.00 total_edges_mean=12.54 total_edges_p95=17.00
[Train[MAPPO]]   300/300 (100.0%)  agents:[ 5/ 5]  done= 72% [##################_______]  reward=   -20  eps=  3%  KL=-0.045  H=0.02  acts[N:55% L:1% F:43% R:1% S:1%]  (9745s)

[Train] Mid-training eval at episode 300 ...
>> Environment:Flatland:RailEnv
[Env] Using 324 cached environments at /home/u216993/workspace/ai4realnet/aiAdrian_flatland/flatland_solver_policy/example/flatland_rail_env/generated_envs/simple_marl
Load environments from disk. #  324  loaded.
[reward] Using OutcomeBasedReward (step=-1, deadlock=-5, done=+50+saved, all_done=+100, fail=-200, scale=0.01)

[Eval] MAPPOPolicy  x  10 episodes
------------------------------------------------------------
[Eval[MAPPOPolicy]] starting (10 iterations)
>> DeadLockAvoidancePolicy
[Eval[MAPPOPolicy]]     1/10 ( 10.0%)  agents:[ 4/ 5]  done= 80% [####################_____]  deadlock=  0%  steps= 499  reward=   +10.8  (8s)
[Eval[MAPPOPolicy]]     2/10 ( 20.0%)  agents:[ 4/ 5]  done= 80% [####################_____]  deadlock=  0%  steps= 499  reward=   +10.1  (16s)
[Eval[MAPPOPolicy]]     3/10 ( 30.0%)  agents:[ 3/ 5]  done= 73% [##################_______]  deadlock=  0%  steps= 499  reward=    +6.1  (27s)
[Eval[MAPPOPolicy]]     4/10 ( 40.0%)  agents:[ 3/ 5]  done= 70% [##################_______]  deadlock=  0%  steps= 499  reward=    +4.7  (35s)
[Eval[MAPPOPolicy]]     5/10 ( 50.0%)  agents:[ 4/ 5]  done= 72% [##################_______]  deadlock=  0%  steps= 499  reward=    +5.4  (43s)
[Eval[MAPPOPolicy]]     6/10 ( 60.0%)  agents:[ 4/ 5]  done= 73% [##################_______]  deadlock=  0%  steps= 499  reward=    +6.2  (51s)
[Eval[MAPPOPolicy]]     7/10 ( 70.0%)  agents:[ 3/ 5]  done= 71% [##################_______]  deadlock=  0%  steps= 499  reward=    +5.1  (63s)
[Eval[MAPPOPolicy]]     8/10 ( 80.0%)  agents:[ 3/ 5]  done= 70% [##################_______]  deadlock=  0%  steps= 499  reward=    +4.3  (76s)
[Eval[MAPPOPolicy]]     9/10 ( 90.0%)  agents:[ 3/ 5]  done= 69% [#################________]  deadlock=  0%  steps= 499  reward=    +3.6  (85s)
[Eval[MAPPOPolicy]]    10/10 (100.0%)  agents:[ 2/ 5]  done= 66% [################_________]  deadlock=  0%  steps= 499  reward=    +2.0  (97s)
------------------------------------------------------------
[Eval]  MAPPOPolicy  RESULT  (97.4s)
  done_rate     = 0.660  (+/-0.128)
  deadlock_rate = 0.000
  episode_len   = 499.0
  total_reward  = +1.96

[Save] /home/u216993/workspace/ai4realnet/aiAdrian_flatland/flatland_solver_policy/example/flatland_rail_env/mappo_checkpoint_conflict_aware.pt
[Save] /home/u216993/workspace/ai4realnet/aiAdrian_flatland/flatland_solver_policy/example/flatland_rail_env/mappo_checkpoint_conflict_aware.pt

[Train] Training complete in 164.0 min
[Train] Final eval ...
>> Environment:Flatland:RailEnv
[Env] Using 324 cached environments at /home/u216993/workspace/ai4realnet/aiAdrian_flatland/flatland_solver_policy/example/flatland_rail_env/generated_envs/simple_marl
Load environments from disk. #  324  loaded.
[reward] Using OutcomeBasedReward (step=-1, deadlock=-5, done=+50+saved, all_done=+100, fail=-200, scale=0.01)

[Eval] MAPPOPolicy  x  20 episodes
------------------------------------------------------------
[Eval[MAPPOPolicy]] starting (20 iterations)
>> DeadLockAvoidancePolicy
[Eval[MAPPOPolicy]]     1/20 (  5.0%)  agents:[ 4/ 5]  done= 80% [####################_____]  deadlock=  0%  steps= 499  reward=   +10.8  (8s)
[Eval[MAPPOPolicy]]     2/20 ( 10.0%)  agents:[ 4/ 5]  done= 80% [####################_____]  deadlock=  0%  steps= 499  reward=   +10.1  (17s)
[Eval[MAPPOPolicy]]     3/20 ( 15.0%)  agents:[ 3/ 5]  done= 73% [##################_______]  deadlock=  0%  steps= 499  reward=    +6.1  (27s)
[Eval[MAPPOPolicy]]     4/20 ( 20.0%)  agents:[ 3/ 5]  done= 70% [##################_______]  deadlock=  0%  steps= 499  reward=    +4.7  (36s)
[Eval[MAPPOPolicy]]     5/20 ( 25.0%)  agents:[ 4/ 5]  done= 72% [##################_______]  deadlock=  0%  steps= 499  reward=    +5.4  (43s)
[Eval[MAPPOPolicy]]     6/20 ( 30.0%)  agents:[ 4/ 5]  done= 73% [##################_______]  deadlock=  0%  steps= 499  reward=    +6.2  (52s)
[Eval[MAPPOPolicy]]     7/20 ( 35.0%)  agents:[ 3/ 5]  done= 71% [##################_______]  deadlock=  0%  steps= 499  reward=    +5.1  (63s)
[Eval[MAPPOPolicy]]     8/20 ( 40.0%)  agents:[ 3/ 5]  done= 70% [##################_______]  deadlock=  0%  steps= 499  reward=    +4.3  (76s)
[Eval[MAPPOPolicy]]     9/20 ( 45.0%)  agents:[ 3/ 5]  done= 69% [#################________]  deadlock=  0%  steps= 499  reward=    +3.6  (86s)
[Eval[MAPPOPolicy]]    10/20 ( 50.0%)  agents:[ 2/ 5]  done= 66% [################_________]  deadlock=  0%  steps= 499  reward=    +2.0  (98s)
[Eval[MAPPOPolicy]]    11/20 ( 55.0%)  agents:[ 3/ 5]  done= 65% [################_________]  deadlock=  0%  steps= 499  reward=    +1.6  (108s)
[Eval[MAPPOPolicy]]    12/20 ( 60.0%)  agents:[ 3/ 5]  done= 65% [################_________]  deadlock=  0%  steps= 499  reward=    +1.4  (119s)
[Eval[MAPPOPolicy]]    13/20 ( 65.0%)  agents:[ 4/ 5]  done= 66% [#################________]  deadlock=  0%  steps= 499  reward=    +1.7  (128s)
[Eval[MAPPOPolicy]]    14/20 ( 70.0%)  agents:[ 3/ 5]  done= 66% [################_________]  deadlock=  0%  steps= 499  reward=    +1.5  (139s)
[Eval[MAPPOPolicy]]    15/20 ( 75.0%)  agents:[ 1/ 5]  done= 63% [################_________]  deadlock=  4%  steps= 499  reward=    -4.7  (158s)
[Eval[MAPPOPolicy]]    16/20 ( 80.0%)  agents:[ 4/ 5]  done= 64% [################_________]  deadlock=  4%  steps= 499  reward=    -3.8  (164s)
[Eval[MAPPOPolicy]]    17/20 ( 85.0%)  agents:[ 1/ 5]  done= 61% [###############__________]  deadlock=  4%  steps= 499  reward=    -5.0  (181s)
[Eval[MAPPOPolicy]]    18/20 ( 90.0%)  agents:[ 3/ 5]  done= 61% [###############__________]  deadlock=  3%  steps= 499  reward=    -4.7  (191s)
[Eval[MAPPOPolicy]]    19/20 ( 95.0%)  agents:[ 4/ 5]  done= 62% [################_________]  deadlock=  3%  steps= 499  reward=    -4.2  (199s)
[ObsFnPerf] ep=20 interval=20 sample_every=8 get=4.503ms get_many=23.035ms local_search=4.118ms deadlock_profile=0.340ms base_features=0.000ms debug_overlay=0.000ms deadlock_calls_per_local_search=7.36
[ObsFnPerfBase] transitions=0.000ms successors=0.000ms priority=0.000ms flags=0.000ms sp_hint=0.000ms
[ObsFnPerfDetail] get_p50=4.755ms get_p95=8.524ms get_max=13.942ms get_many_p50=22.331ms get_many_p95=29.067ms get_many_max=290.306ms local_search_p50=4.082ms local_search_p95=7.324ms local_search_max=11.500ms
[ObsFnPerfLocalSearch] nodes_mean=7.36 nodes_p95=8.00 edges_mean=7.89 edges_p95=10.00 seen_agents_mean=1.09 ms_per_node=0.5591 handles_per_get_many=5.00
[ObsFnPerfGetMany] total_nodes_mean=31.24 total_nodes_p95=38.00 total_edges_mean=33.45 total_edges_p95=40.00
[Eval[MAPPOPolicy]]    20/20 (100.0%)  agents:[ 1/ 5]  done= 60% [###############__________]  deadlock=  6%  steps= 499  reward=    -8.7  (217s)
------------------------------------------------------------
[Eval]  MAPPOPolicy  RESULT  (217.3s)
  done_rate     = 0.600  (+/-0.200)
  deadlock_rate = 0.060
  episode_len   = 499.0
  total_reward  = -8.67


======================================================================
TRAINING SUMMARY
======================================================================
  ep   100: done=0.680  deadlock=0.080  rew=-5.6
  ep   200: done=0.340  deadlock=0.180  rew=-32.3
  ep   300: done=0.660  deadlock=0.000  rew=+2.0
  ep   300: done=0.600  deadlock=0.060  rew=-8.7
